"1","막치기","Pound","노말","물리","긴 꼬리나 손 등을 사용하여 상대를 때려서 공격한다.","40","100","35","1"
"2","태권당수","Karate Chop","격투","물리","날카로운 당수로 상대를 때려서 공격한다. 급소에 맞을 확률이 높다.","50","100","25","1"
"3","연속뺨치기","DoubleSlap","노말","물리","연속 뺨치기로 상대를 때려서 공격한다. 2-5회 동안 연속으로 쓴다.","15","85","10","1"
"4","연속펀치","Comet Punch","노말","물리","노도 같은 펀치로 상대를 세게 때려서 공격한다. 2-5회 동안 연속으로 쓴다.","18","85","15","1"
"5","메가톤펀치","Mega Punch","노말","물리","힘을 담은 펀치로 상대를 공격한다.","80","85","20","1"
"6","고양이돈받기","Pay Day","노말","물리","상대의 몸에 금화를 던져서 공격한다. 전투 후에 돈을 얻는다.","40","100","20","1"
"7","불꽃펀치","Fire Punch","불꽃","물리","불꽃을 담은 펀치로 상대를 공격한다. 화상 상태가 되는 경우가 있다.","75","100","15","1"
"8","냉동펀치","Ice Punch","얼음","물리","냉기를 담은 펀치로 상대를 공격한다. 얼음 상태가 되는 경우가 있다.","75","100","15","1"
"9","번개펀치","ThunderPunch","전기","물리","전격을 담은 펀치로 상대를 공격한다. 마비 상태로 만들 때가 있다.","75","100","15","1"
"10","할퀴기","Scratch","노말","물리","단단하고 뾰족한 날카로운 손톱으로 상대를 할퀴어서 공격한다.","40","100","35","1"
"11","찝기","Vise Grip","노말","물리","상대를 양쪽에서 집어서 데미지를 준다.","55","100","30","1"
"12","가위자르기","Guillotine","노말","물리","큰 집게로 상대를 베어 갈라 공격한다. 맞으면 일격에 기절한다.","일격필살","30","5","1"
"13","칼바람","Razor Wind","노말","특수","바람의 칼날을 만들어 2턴째에 공격한다. 급소에 맞을 확률이 높다.","80","100","10","1"
"14","칼춤","Swords Dance","노말","변화","싸움의 춤을 격렬하게 춰서 기세를 높인다. 자신의 공격을 크게 올린다.","—","—","20","1"
"15","풀베기","Cut","노말","물리","낫이나 손톱 등으로 상대를 베어 공격한다. 가느다란 나무 등도 자를 수 있다.","50","95","30","1"
"16","바람일으키기","Gust","비행","특수","날개로 일으킨 격한 바람을 상대에게 부딪혀서 공격한다.","40","100","35","1"
"17","날개치기","Wing Attack","비행","물리","크게 펼친 훌륭한 날개를 상대에게 부딪쳐서 공격한다.","60","100","35","1"
"18","날려버리기","Whirlwind","노말","변화","상대를 날려버려서 교대할 포켓몬을 끌어낸다. 야생의 경우에는 배틀이 끝난다.","—","—","20","1"
"19","공중날기","Fly","비행","물리","1턴째에 하늘을 날아 2턴째에 상대를 공격한다.","90","95","15","1"
"20","조이기","Bind","노말","물리","긴 몸이나 덩굴 등을 써서 4-5턴 동안 상대를 조여 공격한다.","15","85","20","1"
"21","힘껏치기","Slam","노말","물리","긴 꼬리나 덩굴 등을 사용해 상대를 힘껏 쳐서 공격한다.","80","75","20","1"
"22","덩굴채찍","Vine Whip","풀","물리","채찍처럼 휘어지는 가늘고 긴 덩굴로 상대를 힘껏 쳐서 공격한다.","45","100","25","1"
"23","짓밟기","Stomp","노말","물리","큰 발로 상대를 짓밟아서 공격한다. 상대를 풀이 죽게 할 때가 있다.","65","100","20","1"
"24","두번차기","Double Kick","격투","물리","2개의 다리로 상대를 걷어차서 공격한다. 2회 연속으로 데미지를 준다.","30","100","30","1"
"25","메가톤킥","Mega Kick","노말","물리","굉장한 힘을 담은 킥으로 상대를 걷어차서 공격한다.","120","75","5","1"
"26","점프킥","Jump Kick","격투","물리","높이 점프해서 킥으로 상대를 공격한다. 빗나가면 자신이 데미지를 입는다.","100","95","10","1"
"27","돌려차기","Rolling Kick","격투","물리","몸을 재빨리 회전시키며 상대를 걷어차서 공격한다.","60","85","15","1"
"28","모래뿌리기","Sand Attack","땅","변화","상대의 얼굴에 모래를 뿌려서 명중률을 떨어뜨린다.","-","100","15","1"
"29","박치기","Headbutt","노말","물리","머리를 내밀고 무작정 돌진하여 공격한다. 가끔 풀죽게 만든다. 나무를 흔들어 포켓몬을 떨어뜨릴 수도 있다.","70","100","15","1"
"30","뿔찌르기","Horn Attack","노말","물리","날카롭고 뾰족한 뿔로 상대를 공격한다.","65","100","25","1"
"31","마구찌르기","Fury Attack","노말","물리","뿔이나 부리로 상대를 찔러서 공격한다. 2-5회 동안 연속으로 쓴다.","15","85","20","1"
"32","뿔드릴","Horn Drill","노말","물리","회전하는 뿔을 상대에 꿰찔러서 공격한다. 맞으면 일격에 기절한다.","—","30","5","1"
"33","몸통박치기","Tackle","노말","물리","상대를 향해서 몸 전체를 부딪쳐가며 공격한다.","40","100","35","1"
"34","누르기","Body Slam","노말","물리","몸 전체로 상대를 덮쳐눌러 공격한다. 마비 상태로 만들 때가 있다.","85","100","15","1"
"35","김밥말이","Wrap","노말","물리","긴 몸이나 덩굴을 사용해 4-5턴 동안 상대를 휘감아 공격한다.","15","90","20","1"
"36","돌진","Take Down","노말","물리","굉장한 기세로 상대에게 부딪쳐 공격한다. 자신도 조금 데미지를 입는다.","90","85","20","1"
"37","난동부리기","Thrash","노말","물리","2-3턴 동안 마구 난동부려서 공격한다. 난동부린 뒤에는 혼란에 빠진다.","120","100","10","1"
"38","이판사판태클","Double-Edge","노말","물리","목숨을 걸고 상대에게 돌진 공격을 한다. 자신도 상당한 데미지를 입는다.","120","100","15","1"
"39","꼬리흔들기","Tail Whip","노말","변화","꼬리를 좌우로 귀엽게 흔들어 방심을 유도한다. 상대의 방어를 떨어뜨린다.","—","100","30","1"
"40","독침","Poison Sting","독","물리","독이 있는 침을 상대에게 꿰찔러서 공격한다. 독 상태로 만들 때가 있다.","15","100","35","1"
"41","더블니들","Twineedle","벌레","물리","2개의 침을 상대에게 꿰찔러 공격한다. 2회 연속으로 공격한다.","25","100","20","1"
"42","바늘미사일","Pin Missile","벌레","물리","날카로운 침을 상대에게 발사해서 공격한다. 2-5회 동안 연속으로 쓴다.","25","95","20","1"
"43","째려보기","Leer","노말","변화","날카로운 눈초리로 겁을 주어 상대의 방어를 떨어뜨린다.","—","100","30","1"
"44","물기","Bite","악","물리","날카롭고 뾰족한 이빨로 물어서 공격한다. 상대를 풀이 죽게 할 때가 있다.","60","100","25","1"
"45","울음소리","Growl","노말","변화","귀여운 울음소리를 들려주고 관심을 끌어 방심한 사이에 상대의 공격을 떨어뜨린다.","—","100","40","1"
"46","울부짖기","Roar","노말","변화","상대를 도망가게 해서 교대할 포켓몬을 끌어낸다. 야생의 경우에는 배틀이 끝난다.","—","—","20","1"
"47","노래하기","Sing","노말","변화","기분 좋은 예쁜 노랫소리를 들려주고 상대를 잠듦 상태로 만든다.","—","55","15","1"
"48","초음파","Supersonic","노말","변화","특수한 음파를 몸에서 발산하여 상대를 혼란 상태로 만든다.","—","55","20","1"
"49","소닉붐","Sonic Boom","노말","특수","충격파를 상대에 부딪쳐서 공격한다. 언제나 20의 데미지를 준다.","—","90","20","1"
"50","사슬묶기","Disable","노말","변화","상대의 움직임을 막아 바로 전에 쓴 기술을 잠시 동안 사용할 수 없게 만든다.","—","100","20","1"
"51","용해액","Acid","독","특수","강한 산을 상대에게 끼얹어 공격한다. 상대의 특수방어를 떨어뜨릴 때가 있다.","40","100","30","1"
"52","불꽃세례","Ember","불꽃","특수","작은 불꽃을 상대에게 발사하여 공격한다. 화상 상태로 만들 때가 있다.","40","100","25","1"
"53","화염방사","Flamethrower","불꽃","특수","세찬 불꽃을 상대에게 발사하여 공격한다. 화상 상태로 만들 때가 있다.","90","100","15","1"
"54","흰안개","Mist","얼음","변화","하얀 안개로 몸을 덮는다. 5턴 동안 상대에 의해 능력이 떨어지지 않게 된다.","-","-","30","1"
"55","물대포","Water Gun","물","특수","물을 기세 좋게 상대에게 발사하여 공격한다.","40","100","25","1"
"56","하이드로펌프","Hydro Pump","물","특수","대량의 물을 세찬 기세로 상대에게 발사하여 공격한다.","110","80","5","1"
"57","파도타기","Surf","물","특수","큰 파도로 주위에 있는 모든 것을 공격한다. 물 위도 헤엄쳐서 나아간다.","90","100","15","1"
"58","냉동빔","Ice Beam","얼음","특수","냉동빔을 상대에게 발사하여 공격한다. 얼음 상태로 만들 때가 있다.","90","100","10","1"
"59","눈보라","Blizzard","얼음","특수","세찬 눈보라를 부딪쳐서 공격한다. 상대를 얼음 상태로 만들기도 한다.","110","70","5","1"
"60","환상빔","Psybeam","에스퍼","특수","이상한 광선을 상대에게 발사하여 공격한다. 상대를 혼란 시킬 때가 있다.","65","100","20","1"
"61","거품광선","Bubble Beam","물","특수","거품을 기세 좋게 상대에게 발사하여 공격한다. 스피드를 떨어뜨릴 때가 있다.","65","100","20","1"
"62","오로라빔","Aurora Beam","얼음","특수","무지개색의 빔을 상대에게 발사하여 공격한다. 공격을 떨어뜨릴 때가 있다.","65","100","20","1"
"63","파괴광선","Hyper Beam","노말","특수","강한 광선을 상대에게 발사하여 공격한다. 다음 턴은 움직일 수 없다.","150","90","5","1"
"64","쪼기","Peck","비행","물리","날카롭고 뾰족한 부리나 뿔로 상대를 쪼아서 공격한다.","35","100","35","1"
"65","회전부리","Drill Peck","비행","물리","회전하면서 뾰족한 부리를 상대에게 꿰찔러 공격한다.","80","100","20","1"
"66","지옥의바퀴","Submission","격투","물리","땅에 자신과 함께 상대를 내던져 공격한다. 자신도 조금 데미지를 입는다.","80","80","20","1"
"67","안다리걸기","Low Kick","격투","물리","발을 강하게 걸고 상대를 넘어뜨려 공격한다. 상대가 무거울수록 위력이 올라간다.","—","100","20","1"
"68","카운터","Counter","격투","물리","상대로부터 받은 물리공격의 데미지를 2배로 만들어 그 상대에게 돌려준다.","—","100","20","1"
"69","지구던지기","Seismic Toss","격투","물리","인력을 사용해 내던진다. 자신의 레벨과 똑같은 데미지를 상대에게 준다.","—","100","20","1"
"70","괴력","Strength","노말","물리","혼신의 힘으로 상대를 세게 때려서 공격한다. 무거운 돌을 밀 수도 있다.","80","100","15","1"
"71","흡수","Absorb","풀","특수","양분을 흡수하여 공격한다. 입힌 데미지의 절반에 해당하는 HP를 회복할 수 있다.",20,"100","25","1"
"72","메가드레인","Mega Drain","풀","특수","양분을 흡수하여 공격한다. 상대에게 입힌 데미지의 절반에 해당하는 HP를 회복할 수 있다.","40","100","15","1"
"73","씨뿌리기","Leech Seed","풀","변화","씨가 뿌려진 상대의 HP를 매 턴 조금씩 흡수하여 자신의 HP를 회복한다.","—","90","10","1"
"74","성장","Growth","노말","변화","몸을 일시에 크게 성장시켜 자신의 공격과 특수공격을 올린다.","—","—","20","1"
"75","잎날가르기","Razor Leaf","풀","물리","잎사귀를 날려 상대를 베어 공격한다. 급소에 맞을 확률이 높다.","55","95","25","1"
"76","솔라빔","Solar Beam","풀","특수","1턴째에 빛을 가득 모아 2턴째에 빛의 다발을 발사하여 공격한다.",120,"100","10","1"
"77","독가루","Poison Powder","독","변화","독이 있는 가루를 많이 흩뿌려서 상대를 독 상태로 만든다.","—","75","35","1"
"78","저리가루","Stun Spore","풀","변화","저리 가루를 많이 흩뿌려서 상대를 마비 상태로 만든다.","—","75","30","1"
"79","수면가루","Sleep Powder","풀","변화","잠이 오는 가루를 많이 흩뿌려서 상대를 잠듦 상태로 만든다.","—","75","15","1"
"80","꽃잎댄스","Petal Dance","풀","특수","2-3턴 동안 꽃을 흩뿌려서 공격한다. 흩뿌린 뒤에는 혼란에 빠진다.","120","100","10","1"
"81","실뿜기","String Shot","벌레","변화","입에서 뿜어낸 실을 휘감아서 상대의 스피드를 떨어뜨린다.","—","95","40","1"
"82","용의분노","Dragon Rage","드래곤","특수","충격파를 상대에게 부딪쳐서 공격한다. 언제나 40의 데미지를 준다.","—","100","10","1"
"83","회오리불꽃","Fire Spin","불꽃","특수","세차게 소용돌이치는 불꽃 속에 4-5턴 동안 상대를 가두어 공격한다.","35","85","15","1"
"84","전기쇼크","ThunderShock","전기","특수","전기 자극을 상대에게 날려서 공격한다. 마비 상태로 만들 때가 있다.","40","100","30","1"
"85","10만볼트","Thunderbolt","전기","특수","강한 전격을 상대에게 날려서 공격한다. 마비 상태로 만들 때가 있다.","90","100","15","1"
"86","전기자석파","Thunder Wave","전기","변화","약한 전격을 날려서 상대를 마비 상태로 만든다.","-","90","20","1"
"87","번개","Thunder","전기","특수","강한 번개를 상대에게 떨어뜨려 공격한다. 마비 상태로 만들 때가 있다.","110","70","10","1"
"88","돌떨구기","Rock Throw","바위","물리","작은 바위를 들어올려 상대에게 내던져서 공격한다.","50","90","15","1"
"89","지진","Earthquake","땅","물리","지진의 충격으로 주위에 있는 모든 것을 공격한다.","100","100","10","1"
"90","땅가르기","Fissure","땅","물리","땅이 갈라진 곳에 상대를 떨어뜨려 공격한다. 맞으면 일격에 기절한다.","—","30","5","1"
"91","구멍파기","Dig","땅","물리","1턴째에 땅속으로 파고들어 2턴째에 상대를 공격한다.","80","100","10","1"
"92","맹독","Toxic","독","변화","상대를 맹독의 상태로 만든다. 턴이 진행될수록 독의 데미지가 증가한다.","—","90","10","1"
"93","염동력","Confusion","에스퍼","특수","약한 염동력을 상대에게 보내어 공격한다. 상대를 혼란 시킬 때가 있다.","50","100","25","1"
"94","사이코키네시스","Psychic","에스퍼","특수","강한 염동력을 상대에게 보내어 공격한다. 상대의 특수방어를 떨어뜨릴 때가 있다.","90","100","10","1"
"95","최면술","Hypnosis","에스퍼","변화","졸음을 유도하는 암시를 걸어서 상대를 잠듦 상태로 만든다.","—","60","20","1"
"96","요가포즈","Meditate","에스퍼","변화","잠자던 힘을 몸속에서 끌어내어 자신의 공격을 올린다.","—","—","40","1"
"97","고속이동","Agility","에스퍼","변화","힘을 빼고 몸을 가볍게 해서 고속으로 움직인다. 자신의 스피드를 크게 올린다.","—","—","30","1"
"98","전광석화","Quick Attack","노말","물리","눈에 보이지 않는 굉장한 속도로 상대에게 돌진한다. 반드시 선제 공격할 수 있다.","40","100","30","1"
"99","분노","Rage","노말","물리","기술을 썼을 때 공격을 받으면 분노의 힘으로 주는 데미지가 올라간다.","20","100","20","1"
"100","순간이동","Teleport","에스퍼","변화","야생 포켓몬과 배틀을 그만둔다. 마지막에 들어갔던 포켓몬 센터가 있는 도시에도 갈 수 있다.","—","—","20","1"
"101","나이트헤드","Night Shade","고스트","특수","환상을 보게 해서 자신의 레벨과 똑같은 만큼의 데미지를 상대에게 준다.","—","100","15","1"
"102","흉내내기","Mimic","노말","변화","상대가 마지막에 사용한 기술을 배틀을 하는 동안 자신의 기술로 만들 수 있다.","—","—","10","1"
"103","싫은소리","Screech","노말","변화","그만 귀를 막아버리고 싶은 싫은 소리를 내어 상대의 방어를 크게 떨어뜨린다.","—","85","40","1"
"104","그림자분신","Double Team","노말","변화","재빠른 움직임으로 분신을 만들어 상대를 혼란시켜 회피율을 올린다.","—","—","15","1"
"105","HP회복","Recover","노말","변화","세포를 재생시켜 자신의 최대 HP의 절반만큼 HP를 회복한다.","—","—","5","1"
"106","단단해지기","Harden","노말","변화","전신에 힘을 담아 몸을 단단하게 해서 자신의 방어를 올린다.","—","—","30","1"
"107","작아지기","Minimize","노말","변화","몸을 축소하여 작게 보임으로써 회피율을 올린다.","—","—",10,"1"
"108","연막","SmokeScreen","노말","변화","연기나 먹물을 내뿜어 상대의 명중률을 떨어뜨린다.","—","100","20","1"
"109","이상한빛","Confuse Ray","고스트","변화","이상한 빛을 상대에게 비춰 혼란시킨다. 상대를 혼란 상태로 만든다.","—","100","10","1"
"110","껍질에숨기","Withdraw","물","변화","껍질에 숨어 몸을 보호하여 자신의 방어를 올린다.","—","—","40","1"
"111","웅크리기","Defense Curl","노말","변화","몸을 둥글게 웅크려서 자신의 방어를 올린다.","—","—","40","1"
"112","배리어","Barrier","에스퍼","변화","튼튼한 장막을 만들어 자신의 방어를 크게 올린다.","—","—","20","1"
"113","빛의장막","Light Screen","에스퍼","변화","5턴 동안 이상한 장막으로 상대로부터 받는 특수공격의 데미지를 약하게 한다.","—","—","30","1"
"114","흑안개","Haze","얼음","변화","흑안개를 뿜어 배틀에 참가 중인 포켓몬 전원의 능력 변화를 원래대로 돌린다.","-","-","30","1"
"115","리플렉터","Reflect","에스퍼","변화","5턴 동안 이상한 장막을 쳐서 상대로부터 받는 물리공격의 데미지를 약하게 한다.","—","—","20","1"
"116","기충전","Focus Energy","노말","변화","깊게 숨을 들이마셔 기합을 넣는다. 자신의 공격이 급소에 맞을 확률을 올린다.","—","—","30","1"
"117","참기","Bide","노말","물리","2턴 동안 공격을 견뎌 입은 데미지를 2배로 만들어 상대에게 돌려준다.","—","—","10","1"
"118","손가락흔들기","Metronome","노말","변화","손가락을 흔들어 자신의 뇌를 자극해서 모든 기술 중 어느 하나를 날린다.","—","—","10","1"
"119","따라하기","Mirror Move","비행","변화","상대가 사용한 기술을 흉내 내어 자신도 똑같은 기술을 쓴다.","—","—","20","1"
"120","자폭","Selfdestruct","노말","물리","폭발을 일으켜서 자신의 주위에 있는 포켓몬을 공격한다. 쓰고 나서 기절하게 된다.","200","100","5","1"
"121","알폭탄","Egg Bomb","노말","물리","큰 알을 온 힘을 다해 상대에게 내던져서 공격한다.","100","75","10","1"
"122","핥기","Lick","고스트","물리","긴 혀로 상대를 핥아서 공격한다. 마비 상태로 만들 때가 있다.","30","100","30","1"
"123","스모그","Smog","독","특수","더러운 가스를 상대에게 내뿜어 공격한다. 독 상태로 만들 때가 있다.","30","70","20","1"
"124","오물공격","Sludge","독","특수","더러운 오물을 상대에게 내던져서 공격한다. 독 상태로 만들 때가 있다.","65","100","20","1"
"125","뼈다귀치기","Bone Club","땅","물리","손에 들고 있는 뼈로 상대를 세게 때려서 공격한다. 상대를 풀죽게 만들 때가 있다.","65","85","20","1"
"126","불대문자","Fire Blast","불꽃","특수","큰 대자의 불꽃으로 상대를 불태운다. 화상상태로 만들 때가 있다.","110","85","5","1"
"127","폭포오르기","Waterfall","물","물리","굉장한 기세로 상대에게 돌진하여 공격한다. 흘러내리는 폭포도 거슬러 올라갈 수 있다.","80","100","15","1"
"128","껍질끼우기","Clamp","물","물리","매우 튼튼하고 두꺼운 껍질에 4-5턴 동안 상대를 끼워서 공격한다.","35","85","15","1"
"129","스피드스타","Swift","노말","특수","별 모양의 빛을 발사해서 상대를 공격한다. 공격은 반드시 명중한다.","60","—","20","1"
"130","로켓박치기","Skull Bash","노말","물리","1턴째에 머리를 움츠려 방어를 올린다. 2턴째에 상대를 공격한다.","130","100","10","1"
"131","가시대포","Spike Cannon","노말","물리","날카로운 침을 상대에게 발사해서 공격한다. 2-5회 동안 연속으로 쓴다.","20","100","15","1"
"132","휘감기","Constrict","노말","물리","촉수나 덩굴 등을 휘감아서 공격한다. 상대의 스피드를 떨어뜨릴 때가 있다.","10","100","35","1"
"133","망각술","Amnesia","에스퍼","변화","머리를 비워서 순간적으로 무언가를 잊어버림으로써 자신의 특수방어를 크게 올린다.","—","—","20","1"
"134","숟가락휘기","Kinesis","에스퍼","변화","숟가락을 휘고 주의를 끌어 상대 포켓몬의 명중률을 낮춘다.","—","80","15","1"
"135","알낳기","Softboiled","노말","변화","자신의 최대 HP 절반을 회복한다. 동료의 HP를 회복시킬 수도 있다.","—","—","5","1"
"136","무릎차기","High Jump Kick","격투","물리","점프해서 무릎차기로 상대를 공격한다. 빗나가면 자신이 데미지를 입는다.","130","90","10","1"
"137","뱀눈초리","Glare","노말","변화","배의 무늬로 겁을 주어 상대를 마비 상태로 만든다.","—","100","30","1"
"138","꿈먹기","Dream Eater","에스퍼","특수","잠자고 있는 상대의 꿈을 먹어 공격한다. 데미지의 절반을 HP로 회복한다.","100","100","15","1"
"139","독가스","Poison Gas","독","변화","독가스를 상대의 얼굴에 내뿜어 독 상태로 만든다.","—","90","40","1"
"140","구슬던지기","Barrage","노말","물리","둥근 것을 상대에게 내던져서 공격한다. 2-5회 동안 연속으로 쓴다.","15","85","20","1"
"141","흡혈","Leech Life","벌레","물리","피를 빨아서 공격한다. 준 데미지의 절반을 HP로 회복한다.",80,"100","10","1"
"142","악마의키스","Lovely Kiss","노말","변화","무서운 얼굴로 키스한다. 키스한 상대를 잠듦 상태로 만들 수 있다.","—","75","10","1"
"143","불새","Sky Attack","비행","물리","2턴째에 상대를 공격한다. 가끔 풀죽게 만든다. 급소에 맞을 확률이 높다.",140,"90","5","1"
"144","변신","Transform","노말","변화","상대 포켓몬으로 변신하여 상대와 완전히 똑같은 기술을 사용할 수 있다.","—","—","10","1"
"145","거품","Bubble","물","특수","매우 많은 거품을 상대에게 내뿜어 공격한다. 상대의 스피드를 떨어뜨릴 때가 있다.","40","100","30","1"
"146","잼잼펀치","Dizzy Punch","노말","물리","리드미컬한 펀치를 날려 공격한다. 상대를 혼란 시킬 때가 있다.","70","100","10","1"
"147","버섯포자","Spore","풀","변화","최면 효과가 있는 포자를 흩뿌려서 상대를 잠듦 상태로 만든다.","—","100","15","1"
"148","플래시","Flash","노말","변화","눈이 부신 빛으로 상대의 명중률을 떨어뜨린다.","—","100","20","1"
"149","사이코웨이브","Psywave","에스퍼","특수","이상한 염력파를 상대에게 발사하여 공격한다. 사용할 때마다 데미지가 바뀐다.","—","100","15","1"
"150","튀어오르기","Splash","노말","변화","공격도 하지 않고 팔딱팔딱 튈 뿐 아무 일도 일어나지 않는다...","—","—","40","1"
"151","녹기","Acid Armor","독","변화","세포의 변화로 액체가 되어 자신의 방어를 크게 올린다.","—","—","20","1"
"152","집게해머","Crabhammer","물","물리","큰 집게를 상대에게 내리쳐서 공격한다. 급소에 맞을 확률이 높다.","100","90","10","1"
"153","대폭발","Explosion","노말","물리","커다란 폭발로 주위에 있는 모든 것을 공격한다. 사용한 다음 기절한다.","250","100","5","1"
"154","마구할퀴기","Fury Swipes","노말","물리","발톱이나 낫 등으로 상대를 할퀴어서 공격한다. 2-5회 동안 연속으로 쓴다.","18","80","15","1"
"155","뼈다귀부메랑","Bonemerang","땅","물리","손에 들고 있는 뼈를 상대에게 날려서 날아갈 때와 돌아올 때 2회 연속 데미지를 준다.","50","90","10","1"
"156","잠자기","Rest","에스퍼","변화","2턴 동안 계속 잠잔다. HP와 몸의 이상을 모두 회복한다.","—","—",5,"1"
"157","스톤샤워","Rock Slide","바위","물리","큰 바위를 세차게 부딪쳐서 공격한다. 상대를 풀죽게 만들 때가 있다.","75","90","10","1"
"158","필살앞니","Hyper Fang","노말","물리","날카로운 앞니로 강하게 물어서 공격한다. 상대를 풀죽게 만들 때가 있다.","80","90","15","1"
"159","각지기","Sharpen","노말","변화","몸의 각을 늘려서 더욱 각지게 하여 자신의 공격을 올린다.","—","—","30","1"
"160","텍스처","Conversion","노말","변화","자신의 타입을 배운 기술 중 어느 하나와 같은 타입으로 바꾼다.","—","—","30","1"
"161","트라이어택","Tri Attack","노말","특수","3개의 광선으로 공격한다. 마비, 화상 또는 얼음 상태로 만들 때가 있다.","80","100","10","1"
"162","분노의앞니","Super Fang","노말","물리","날카로운 앞니로 강하게 물어서 공격한다. 상대의 HP는 절반이 된다.","—","90","10","1"
"163","베어가르기","Slash","노말","물리","발톱이나 낫 등으로 상대를 베어 갈라서 공격한다. 급소에 맞을 확률이 높다.","70","100","20","1"
"164","대타출동","Substitute","노말","변화","자신의 HP를 조금 깎아서 분신을 만든다. 분신은 자신의 대타가 된다","—","—","10","1"
"165","발버둥","Struggle","노말","물리","PP가 떨어지면 발버둥쳐 상대를 공격한다. 자신도 조금 데미지를 입는다.","50","—",1,"1"
"166","스케치","Sketch","노말","변화","상대가 쓴 기술을 자신의 것으로 만든다. 한 번 사용하면 스케치는 사라진다.","—","—","1","2"
"167","트리플킥","Triple Kick","격투","물리","3회 연속으로 킥을 날려 공격한다. 기술이 맞을 때마다 위력이 올라간다.","10","90","10","2"
"168","도둑질","Thief","악","물리","공격과 동시에 도구를 훔친다. 자신이 도구를 지니고 있을 경우에는 훔칠 수 없다.","60","100","25","2"
"169","거미집","Spider Web","벌레","변화","끈적끈적하고 가는 실을 칭칭 휘감아 상대를 배틀에서 도망칠 수 없게 한다.","-","-","10","2"
"170","마음의눈","Mind Reader","노말","변화","상대의 움직임을 마음으로 읽고 다음 공격이 반드시 명중되게 한다.","—","—","5","2"
"171","악몽","Nightmare","고스트","변화","잠듦 상태의 상대에게 악몽을 꾸게 하여 매 턴 조금씩 HP를 떨어뜨려 간다.","-","100","15","2"
"172","화염바퀴","Flame Wheel","불꽃","물리","불꽃을 둘러 상대에게 돌진 공격한다. 화상 상태로 만들 때가 있다.","60","100","25","2"
"173","코골기","Snore","노말","특수","자신이 잠들어 있을 때 소음을 내어 공격한다. 상대를 풀죽게 만들 때가 있다.","50","100","15","2"
"174","저주","Curse","고스트","변화","기술을 쓰는 포켓몬이 고스트 타입일 때와 그 이외의 타입일 때 효과가 다르다.","-","-","10","2"
"175","바둥바둥","Flail","노말","물리","바둥바둥 난동부려서 공격한다. 자신의 HP가 적을수록 기술의 위력이 올라간다.","-","100","15","2"
"176","텍스처2","Conversion 2","노말","변화","자신의 타입을 마지막으로 받은 기술에 저항할 수 있는 타입으로 변화시킨다.","-","-","30","2"
"177","에어로블라스트","Aeroblast","비행","특수","공기의 소용돌이를 발사하여 공격한다. 급소에 맞기 쉽다.","100","95","5","2"
"178","목화포자","Cotton Spore","풀","변화","솜처럼 폭신폭신한 포자를 착 달라붙게 해서 상대의 스피드를 크게 떨어뜨린다.","-","100","40","2"
"179","기사회생","Reversal","격투","물리","힘을 쥐어짜서 공격한다. 자신의 HP가 적을수록 기술의 위력이 올라간다.","—","100","15","2"
"180","원한","Spite","고스트","변화","상대가 마지막으로 사용한 기술에 원한을 품어 그 기술의 PP를 4만큼 줄인다.","—","100","10","2"
"181","눈싸라기","Powder Snow","얼음","특수","차가운 가랑눈을 상대에게 내뿜어 공격한다. 얼음 상태가 되는 경우가 있다.","40","100","25","2"
"182","방어","Protect","노말","변화","상대의 공격을 전혀 받지 않는다. 연속으로 쓰면 실패하기 쉽다","—","—","10","2"
"183","마하펀치","Mach Punch","격투","물리","눈에 보이지 않는 굉장한 속도로 펀치를 날린다. 반드시 선제 공격을 할 수 있다.","40","100","30","2"
"184","겁나는얼굴","Scary Face","노말","변화","무서운 얼굴로 노려보고 겁주어 상대의 스피드를 크게 떨어뜨린다.","-","100","10","2"
"185","속여때리기","Feint Attack","악","물리","슬금슬금 상대에게 다가가 방심한 틈을 타서 세게 때린다. 공격은 반드시 명중한다.","60","—","20","2"
"186","천사의키스","Sweet Kiss","페어리","변화","천사처럼 귀엽게 키스하여 상대를 혼란 상태로 만든다.","—","75","10","2"
"187","배북","Belly Drum","노말","변화","자신의 HP를 깎아 공격력을 최대치로 올린다.","—","—","10","2"
"188","오물폭탄","Sludge Bomb","독","특수","더러운 오물을 상대에게 내던져서 공격한다. 독 상태로 만들 때가 있다.","90","100","10","2"
"189","진흙뿌리기","Mud-Slap","땅","특수","상대의 얼굴 등에 진흙을 내던져서 공격한다. 명중률을 떨어뜨린다.","20","100","10","2"
"190","대포무노포","Octazooka","물","특수","상대의 얼굴 등에 먹물을 내뿜어 공격한다. 명중률을 떨어뜨릴 때가 있다.","65","85","10","2"
"191","압정뿌리기","Spikes","땅","변화","상대의 발밑에 압정을 뿌린다. 교체된 상대 포켓몬에게 데미지를 준다.","—","—","20","2"
"192","전자포","Zap Cannon","전기","특수","대포처럼 전기를 발사해서 공격한다. 상대를 마비 상태로 만든다.","120","50","5","2"
"193","꿰뚫어보기","Foresight","노말","변화","고스트타입에 효과가 없는 기술이나 회피율이 높은 상대라 할지라도 공격이 맞게 된다.","-","-","40","2"
"194","길동무","Destiny Bond","고스트","변화","기술을 쓴 뒤 공격을 받아 기절했을 때 공격한 상대도 기절하게 한다.","—","—","5","2"
"195","멸망의노래","Perish Song","노말","변화","노래를 들은 포켓몬은 3턴이 지나면 기절한다. 교체되면 효과가 없어진다.","—","—","5","2"
"196","얼어붙은바람","Icy Wind","얼음","특수","차가운 냉기를 상대에게 내뿜어 공격한다. 동시에 상대의 스피드를 떨어뜨린다.","55","95","15","2"
"197","판별","Detect","격투","변화","상대의 공격을 전혀 받지 않는다. 연속으로 쓰면 실패하기 쉽다.","—","—","5","2"
"198","본러시","Bone Rush","땅","물리","단단한 뼈로 상대를 세게 때려서 공격한다. 2-5회 동안 연속으로 쓴다.","25","90","10","2"
"199","록온","Lock-On","노말","변화","조준을 잘 맞춰 다음 공격이 반드시 상대에게 명중하도록 한다.","—","—","5","2"
"200","역린","Outrage","드래곤","물리","2-3턴 동안 마구 난동 부려서 공격한다. 난동 부린 뒤에는 혼란에 빠진다.","120","100","10","2"
"201","모래바람","Sandstorm","바위","변화","5턴 동안 모래바람으로 바위, 땅, 강철타입 이외의 포켓몬에게 데미지를 준다.","-","-","10","2"
"202","기가드레인","Giga Drain","풀","특수","양분을 흡수하여 공격한다. 입힌 데미지의 절반에 해당하는 HP를 회복할 수 있다.","75","100","10","2"
"203","버티기","Endure","노말","변화","공격을 받아도 HP를 반드시 1만큼은 남긴다. 연속으로 쓰면 실패하기 쉽다.","-","-","10","2"
"204","애교부리기","Charm","페어리","변화","귀엽게 바라보고 방심을 유도하여 상대의 공격을 크게 떨어뜨린다.","-","100","20","2"
"205","구르기","Rollout","바위","물리","5턴 동안 구르기를 반복하여 공격한다. 기술이 맞을 때마다 위력이 올라간다.","30","90","20","2"
"206","칼등치기","False Swipe","노말","물리","상대의 HP가 반드시 1만큼 남도록 조절하여 공격한다.","40","100","40","2"
"207","뽐내기","Swagger","노말","변화","상대를 화내게 해서 혼란 시킨다. 분노로 상대의 공격은 크게 올라가 버린다.","-","85","15","2"
"208","우유마시기","Milk Drink","노말","변화","자신의 HP를 최대 HP의 절반만큼 회복한다. 동료의 HP를 회복시킬 수도 있다.","-","-","5","2"
"209","스파크","Spark","전기","물리","전기를 둘러 돌진하여 공격한다. 마비 상태로 만들 때가 있다.","65","100","20","2"
"210","연속자르기","Fury Cutter","벌레","물리","낫이나 발톱 등으로 상대를 베어 공격한다. 연속으로 맞히면 위력이 올라간다.","40","95","20","2"
"211","강철날개","Steel Wing","강철","물리","단단한 날개를 상대에게 부딪쳐서 공격한다. 자신의 방어가 올라갈 때가 있다","70","90","25","2"
"212","검은눈빛","Mean Look","노말","변화","빨려 들어갈 것 같은 까만 눈빛으로 가만히 응시하여 상대를 배틀에서 도망갈 수 없게 한다.","-","-","5","2"
"213","헤롱헤롱","Attract","노말","변화","수컷은 암컷을 암컷은 수컷을 유혹하여 헤롱헤롱하게 만든다. 상대가 기술을 쓰기 어려워진다.","-","100","15","2"
"214","잠꼬대","Sleep Talk","노말","변화","자신이 배운 기술 중 하나를 무작위로 날린다. 자신이 잠들어 있을 때만 쓸 수 있다.","-","-","10","2"
"215","치료방울","Heal Bell","노말","변화","기분 좋은 방울 소리를 들려주어 같은 편 전원의 상태 이상을 회복한다.","—","—","5","2"
"216","은혜갚기","Return","노말","물리","트레이너를 위해 전력으로 상대를 공격한다. 친밀할수록 위력이 올라간다.","-","100","20","2"
"217","프레젠트","Present","노말","물리","덫을 설치한 상자를 건네어 공격한다. HP가 회복해 버릴 때도 있다.","-","90","15","2"
"218","화풀이","Frustration","노말","물리","불만을 풀기 위해 전력으로 상대를 공격한다. 친밀하지 않을수록 위력이 올라간다.","-","100","20","2"
"219","신비의부적","Safeguard","노말","변화","5턴 동안 이상한 힘의 보호를 받아 상태 이상이 되지 않는다.","—","—","25","2"
"220","아픔나누기","Pain Split","노말","변화","자신의 HP와 상대의 HP를 합친 것을 자신과 상대가 사이좋게 나눈다.","—","—","20","2"
"221","성스러운불꽃","Sacred Fire","불꽃","물리","신비한 불꽃으로 상대를 태워서 공격한다. 화상 상태로 만들 때가 있다.","100","95","5","2"
"222","매그니튜드","Magnitude","땅","물리","땅을 흔들어서 주위에 있는 모두를 공격한다. 기술의 위력이 여러모로 바뀐다.","—","100","30","2"
"223","폭발펀치","Dynamic Punch","격투","물리","혼신의 힘으로 펀치를 날려서 공격한다. 상대를 반드시 혼란 시킨다.","100","50","5","2"
"224","메가혼","Megahorn","벌레","물리","단단하고 훌륭한 뿔로 마음껏 상대를 꿰찔러서 공격한다.","120","85","10","2"
"225","용의숨결","Dragon Breath","드래곤","특수","굉장한 숨결을 상대에게 내뿜어 공격한다. 마비 상태로 만들 때가 있다.","60","100","20","2"
"226","배턴터치","Baton Pass","노말","변화","교대 포켓몬과 교대한다. 능력변화는 교대 포켓몬이 이어받는다.","-","-","40","2"
"227","앙코르","Encore","노말","변화","상대에게 앙코르를 외쳐서 기술을 3번 연속으로 쓰게 한다.","—","100","5","2"
"228","따라가때리기","Pursuit","악","물리","상대 포켓몬이 교체될 때 기술을 쓰면 2배의 위력으로 공격할 수 있다.","40","100","20","2"
"229","고속스핀","Rapid Spin","노말","물리","회전해서 상대를 공격한다. 조이기, 김밥말이, 씨뿌리기 등의 효과를 날려 버린다. 자신의 스피드도 올라간다.","50","100","40","2"
"230","달콤한향기","Sweet Scent","노말","변화","향기로 상대의 회피율을 크게 떨어뜨린다. 풀밭 등에서 쓰면 포켓몬이 다가온다.","—","100","20","2"
"231","아이언테일","Iron Tail","강철","물리","단단한 꼬리로 상대를 힘껏 쳐서 공격한다. 상대의 방어를 떨어뜨릴 때가 있다.","100","75","15","2"
"232","메탈클로","Metal Claw","강철","물리","강철의 발톱으로 상대를 베어 갈라 공격한다. 자신의 공격이 올라갈 때도 있다.","50","95","35","2"
"233","받아던지기","Vital Throw","격투","물리","상대보다 나중에 공격한다. 그 대신 자신의 공격은 반드시 명중한다.","70","—","10","2"
"234","아침햇살","Morning Sun","노말","변화","자신의 HP를 회복한다. 날씨에 따라 회복량이 변한다.","-","-","5","2"
"235","광합성","Synthesis","풀","변화","자신의 HP를 회복한다. 날씨에 따라 회복량이 변한다.","-","-","5","2"
"236","달빛","Moonlight","페어리","변화","자신의 HP를 회복한다. 날씨에 따라 회복량이 변한다.","—","—","5","2"
"237","잠재파워","Hidden Power","노말","특수","기술을 쓴 포켓몬에 따라 기술의 타입이 달라진다.","60","100","15","2"
"238","크로스촙","Cross Chop","격투","물리","양손으로 당수를 상대에게 힘껏 쳐서 공격한다. 급소에 맞기 쉽다.","100","80","5","2"
"239","회오리","Twister","드래곤","특수","회오리를 일으켜 상대를 끌어들여 공격한다. 상대를 풀죽게 만들 때가 있다.","40","100","20","2"
"240","비바라기","Rain Dance","물","변화","5턴 동안 비를 내리게 해서 물타입 기술의 위력을 올린다. 불꽃타입의 위력은 떨어진다.","—","—","5","2"
"241","쾌청","Sunny Day","불꽃","변화","5턴 동안 햇살을 강하게 해서 불꽃타입 기술의 위력을 올린다. 물타입의 위력은 떨어진다.","—","—","5","2"
"242","깨물어부수기","Crunch","악","물리","날카로운 이빨로 상대를 깨물어 부숴서 공격한다. 상대의 방어를 떨어뜨릴 때가 있다.","80","100","15","2"
"243","미러코트","Mirror Coat","에스퍼","특수","상대에게 받은 특수공격의 데미지를 2배로 만들어 그 상대에게 돌려준다.","-","100","20","2"
"244","자기암시","Psych Up","노말","변화","자신에게 암시를 걸어서 능력 변화 상태를 상대와 같게 만든다.","—","—","10","2"
"245","신속","Extreme Speed","노말","물리","눈에 보이지 않을 스피드로 상대에게 돌진한다. 반드시 선제 공격을 할 수 있다.","80","100","5","2"
"246","원시의힘","AncientPower","바위","특수","원시의 힘으로 공격한다. 자신의 모든 능력이 오를 때가 있다.","60","100","5","2"
"247","섀도볼","Shadow Ball","고스트","특수","까만 그림자의 덩어리를 내던져서 공격한다. 상대의 특수방어를 떨어뜨릴 때가 있다.","80","100","15","2"
"248","미래예지","Future Sight","에스퍼","특수","기술을 사용한 2턴 뒤에 상대에게 염동력의 덩어리를 보내어 공격한다.","120","100","10","2"
"249","바위깨기","Rock Smash","격투","물리","펀치로 공격한다. 상대의 방어를 떨어뜨릴 때가 있다.","40","100","15","2"
"250","바다회오리","Whirlpool","물","특수","세차게 소용돌이치는 물속에 4-5턴 동안 상대를 가두어 공격한다.","35","85","15","2"
"251","집단구타","Beat Up","악","물리","같은 편 전원이 공격한다. 동료 포켓몬이 많을수록 기술의 위력이 올라간다.","-","100","10","2"
"252","속이기","Fake Out","노말","물리","선제공격으로 상대를 풀죽게 한다. 배틀에 나가서 바로 쓰지 않으면 성공할 수 없다.","40","100","10","3"
"253","소란피기","Uproar","노말","특수","2-5턴 동안 소란피워 공격한다. 그 동안은 아무도 잠들지 않게 된다.","90","100","10","3"
"254","비축하기","Stockpile","노말","변화","힘을 비축해서 자신의 방어와 특수방어를 올린다. 최대 3회까지 비축할 수 있다.","-","-","20","3"
"255","토해내기","Spit Up","노말","특수","비축된 힘을 상대에게 부딪쳐서 공격한다. 비축된 만큼 위력이 올라간다.","-","100","10","3"
"256","꿀꺽","Swallow","노말","변화","비축된 힘을 꿀꺽해서 자신의 HP를 회복한다. 비축된 만큼 회복한다.","-","-","10","3"
"257","열풍","Heat Wave","불꽃","특수","뜨거운 숨결을 상대에게 내뿜어 공격한다. 화상 상태로 만들 때가 있다.","95","90","10","3"
"258","싸라기눈","Hail","얼음","변화","5턴 동안 싸라기눈을 내리게 해 얼음타입이 아닌 포켓몬 모두에게 데미지를 준다.","-","-","10","3"
"259","트집","Torment","악","변화","상대에게 트집을 잡아서 똑같은 기술을 2회 연속으로 쓸 수 없게 한다.","—","100","15","3"
"260","부추기기","Flatter","악","변화","상대를 부추겨서 혼란시킨다. 동시에 상대의 특수공격도 올라가 버린다.","—","100","15","3"
"261","도깨비불","Will-O-Wisp","불꽃","변화","으스스하고 괴상한 불꽃을 쏘아 상대를 화상 상태로 만든다.","—","85","15","3"
"262","추억의선물","Memento","악","변화","자신은 기절하게 되지만 그 대신 상대의 공격과 특수공격을 크게 떨어뜨린다.","-","100","10","3"
"263","객기","Facade","노말","물리","자신이 독, 마비, 화상 상태일 때 날리면 기술의 위력이 2배가 된다.","70","100","20","3"
"264","힘껏펀치","Focus Punch","격투","물리","정신력을 높여 펀치를 날린다. 기술을 쓰기 전에 공격을 받으면 실패한다.","150","100","20","3"
"265","정신차리기","SmellingSalt","노말","물리","마비 상태의 상대에게는 위력이 2배가 되지만 그 대신 상대의 마비가 풀린다.","70","100","10","3"
"266","날따름","Follow Me","노말","변화","자신에게 주목시켜 상대로부터의 공격을 모두 자신에게 향하게 한다.","—","—","20","3"
"267","자연의힘","Nature Power","노말","변화","자연의 힘으로 공격한다. 사용하는 장소에 따라 나오는 기술이 변화한다.","-","-","20","3"
"268","충전","Charge","전기","변화","다음 턴에 쓸 전기타입 기술의 위력이 2배가 된다. 자신의 특수방어도 올라간다.","-","-","20","3"
"269","도발","Taunt","악","변화","상대를 화나게 한다. 3턴 동안 상대는 데미지를 주는 기술밖에 쓸 수 없게 된다.","—","100","20","3"
"270","도우미","Helping Hand","노말","변화","동료를 돕는다. 도움받은 포켓몬이 쓰는 기술의 위력은 여느 때보다 커진다.","—","—","20","3"
"271","트릭","Trick","에스퍼","변화","상대의 빈틈을 노려 자신과 상대가 지닌 물건을 교환한다.","—","100","10","3"
"272","역할","Role Play","에스퍼","변화","상대의 역할을 하여 자신도 상대와 같은 특성으로 변화한다.","-","-","10","3"
"273","희망사항","Wish","노말","변화","다음 턴에 자신의 HP를 최대 HP의 절반만큼 회복한다.","—","—","10","3"
"274","조수","Assist","노말","변화","서둘러서 같은 편의 도움을 받아 교대 포켓몬이 기억하고 있는 기술 중 하나를 쓴다.","—","—","20","3"
"275","뿌리박기","Ingrain","풀","변화","대지에 뿌리를 박아 매 턴마다 HP를 회복한다. 뿌리 박고 있으므로 교체할 수 없다.","-","-","20","3"
"276","엄청난힘","Superpower","격투","물리","엄청난 힘을 발휘하여 상대를 공격한다. 자신의 공격과 방어가 떨어진다.","120","100","5","3"
"277","매직코트","Magic Coat","에스퍼","변화","상태이상이나 능력을 떨어뜨리는 기술, 씨뿌리기 등을 썼을 때 상대에게 되받아친다.","-","-","15","3"
"278","리사이클","Recycle","노말","변화","배틀 중에 사용하여 없어진 자신의 지닌 물건을 재생시켜 사용할 수 있게 한다.","—","—","10","3"
"279","리벤지","Revenge","격투","물리","기술을 사용하기 전에 공격을 받았다면 그 상대에게는 위력이 2배가 된다.","60","100","10","3"
"280","깨트리기","Brick Break","격투","물리","수도로 기세 좋게 내려쳐서 상대를 공격한다. 빛의장막이나 리플렉터 등도 파괴할 수 있다.","75","100","15","3"
"281","하품","Yawn","노말","변화","큰 하품으로 졸음을 유도한다. 다음 턴에 상대를 잠듦 상태로 만든다.","-","-","10","3"
"282","탁쳐서떨구기","Knock Off","악","물리","상대의 지닌 물건을 탁 쳐서 떨어뜨려 배틀이 끝날 때까지 사용할 수 없게 한다. 물건을 가진 상대에게는 데미지를 더 준다.","65","100","20","3"
"283","죽기살기","Endeavor","노말","물리","상대의 HP가 자신의 HP와 같아지도록 데미지를 준다.","-","100","5","3"
"284","분화","Eruption","불꽃","특수","사용하는 포켓몬의 HP가 높을수록 기술의 위력이 증가한다","150","100","5","3"
"285","스킬스왑","Skill Swap","에스퍼","변화","초능력으로 자신의 특성과 상대의 특성을 바꾼다.","—","—","10","3"
"286","봉인","Imprison","에스퍼","변화","상대가 자신과 같은 기술을 기억하고 있으면 상대만 그 기술을 사용할 수 없게 한다.","—","—","10","3"
"287","리프레시","Refresh","노말","변화","몸을 쉬게 하여 자신이 입은 독, 마비, 화상의 상태 이상을 치료한다.","—","—","20","3"
"288","원념","Grudge","고스트","변화","상대의 기술로 기절하면 원념을 담아 그 기술의 PP를 0으로 만든다.","-","-","5","3"
"289","가로채기","Snatch","악","변화","상대가 사용하려고 한 회복 기술이나 능력 변화의 기술을 빼앗아 자신에게 쓴다.","—","—","10","3"
"290","비밀의힘","Secret Power","노말","물리","비밀의 힘으로 공격한다. 사용 장소에 따라 추가효과가 변화한다.","70","100","20","3"
"291","다이빙","Dive","물","물리","1턴째에 잠수했다가 2턴째에 떠올라 공격한다. 깊은 바다에서 잠수도 할 수 있다.","80","100","10","3"
"292","손바닥치기","Arm Thrust","격투","물리","펼친 양손으로 상대를 번갈아 쳐서 공격한다. 2-5회 동안 연속으로 쓴다.","15","100","20","3"
"293","보호색","Camouflage","노말","변화","물가나 풀밭, 동굴 등, 있는 장소에 맞춰서 자신의 타입을 바꾼다.","-","-","20","3"
"294","반딧불","Tail Glow","벌레","변화","깜빡거리는 빛을 바라보고 정신을 통일하여 자신의 특수공격을 매우 크게 올린다.","-","-","20","3"
"295","러스터퍼지","Luster Purge","에스퍼","특수","눈부신 빛을 개방하여 공격한다. 상대의 특수방어를 떨어뜨릴 때가 있다.","95","100","5","3"
"296","미스트볼","Mist Ball","에스퍼","특수","안개의 깃털로 둘러싸 공격한다. 상대의 특수공격을 떨어뜨릴 때가 있다.","95","100","5","3"
"297","깃털댄스","FeatherDance","비행","변화","깃털을 흩뿌려 상대의 몸에 휘감는다. 상대의 공격을 크게 떨어뜨린다.","—","100","15","3"
"298","흔들흔들댄스","Teeter Dance","노말","변화","흔들흔들 댄스를 춰서 주위에 있는 모두를 혼란 상태로 만든다.","―","100","20","3"
"299","블레이즈킥","Blaze Kick","불꽃","물리","공격한 상대를 화상 상태로 만들 때가 있다. 급소에 맞을 확률이 높다.","85","90","10","3"
"300","흙놀이","Mud Sport","땅","변화","주위를 진흙투성이로 만든다. 5턴 동안 전기타입의 기술을 약하게 한다.","-","-","15","3"
"301","아이스볼","Ice Ball","얼음","물리","5턴 동안 계속 굴러서 공격한다. 기술이 맞을 때마다 위력이 올라간다.","30","90","20","3"
"302","바늘팔","Needle Arm","풀","물리","바늘팔을 세차게 흔들어 공격한다. 상대를 풀죽게 만들 때가 있다.","60","100","15","3"
"303","게으름피우기","Slack Off","노말","변화","게으름 피우며 쉰다. 자신의 HP를 최대 HP의 절반만큼 회복한다.","—","—","5","3"
"304","하이퍼보이스","Hyper Voice","노말","특수","시끄럽게 울리는 큰 진동을 상대에게 전달하여 공격한다.","90","100","10","3"
"305","맹독엄니","Poison Fang","독","물리","독이 있는 이빨로 상대를 물어서 공격한다. 맹독을 주입할 때가 있다.","50","100","15","3"
"306","브레이크클로","Crush Claw","노말","물리","단단하고 날카로운 손톱으로 베어 갈라서 공격한다. 상대의 방어를 떨어뜨릴 때가 있다.","75","95","10","3"
"307","블라스트번","Blast Burn","불꽃","특수","폭발하는 불꽃으로 상대를 태워서 공격한다. 다음 턴은 움직일 수 없다.","150","90","5","3"
"308","하이드로캐논","Hydro Cannon","물","특수","물의 대포를 상대에게 발사해서 공격한다. 다음 턴은 움직일 수 없다.","150","90","5","3"
"309","코멧펀치","Meteor Mash","강철","물리","혜성과 같은 펀치를 날려서 공격한다. 자신의 공격이 올라갈 때가 있다.","90","90","10","3"
"310","놀래키기","Astonish","고스트","물리","큰 소리 등으로 불시에 놀래켜서 공격한다. 상대를 풀죽게 만들 때가 있다.","30","100","15","3"
"311","웨더볼","Weather Ball","노말","특수","사용했을 때의 날씨에 따라서 기술 타입과 위력이 바뀐다.","50","100","10","3"
"312","아로마테라피","Aromatherapy","풀","변화","기분 좋은 평온한 향기를 맡게 하여 같은 편 모두의 상태 이상을 회복한다.","-","-","5","3"
"313","거짓울음","Fake Tears","악","변화","우는 척을 하며 눈물을 흘린다. 난처하게 만들어 상대의 특수방어를 크게 떨어뜨린다.","—","100","20","3"
"314","에어커터","Air Cutter","비행","특수","날카로운 바람으로 상대를 베어 공격한다. 급소에 맞을 확률이 높다.","60","95","25","3"
"315","오버히트","Overheat","불꽃","특수","풀 파워로 상대를 공격한다. 쓰면 반동으로 자신의 특수공격이 크게 떨어진다.","130","90","5","3"
"316","냄새구별","Odor Sleuth","노말","변화","고스트타입에 효과가 없는 기술이나 회피율이 높은 상대라 할지라도 공격이 맞게 된다.","—","—","40","3"
"317","암석봉인","Rock Tomb","바위","물리","암석을 내던져서 공격한다. 상대의 움직임을 봉인함으로써 스피드를 떨어뜨린다.","60","95","15","3"
"318","은빛바람","Silver Wind","벌레","특수","바람에 날개 가루를 날려서 공격한다. 자신의 모든 능력이 올라갈 때가 있다.","60","100","5","3"
"319","금속음","Metal Sound","강철","변화","금속을 긁을 때 나는 듯한 싫은 소리를 들려준다. 상대의 특수방어를 크게 떨어뜨린다.","—","85","40","3"
"320","풀피리","Grass Whistle","풀","변화","기분 좋은 피리 소리를 들려주어 상대를 잠듦 상태로 만든다.","—","55","15","3"
"321","간지르기","Tickle","노말","변화","몸을 간질여 웃게 만들어서 상대의 공격과 방어를 떨어뜨린다.","—","100","20","3"
"322","코스믹파워","Cosmic Power","에스퍼","변화","우주로부터 신비한 힘을 손에 넣음으로써 자신의 방어와 특수방어를 올린다.","—","—","20","3"
"323","해수스파우팅","Water Spout","물","특수","바닷물을 내뿜어 공격한다. 자신의 HP가 적을수록 기술의 위력이 떨어진다.","150","100","5","3"
"324","시그널빔","Signal Beam","벌레","특수","이상한 빛을 발사해서 공격한다. 상대를 혼란시킬 때가 있다.","75","100","15","3"
"325","섀도펀치","Shadow Punch","고스트","물리","그림자에 섞여 펀치를 날린다. 공격은 반드시 명중한다.","60","—","20","3"
"326","신통력","Extrasensory","에스퍼","특수","보이지 않는 이상한 힘을 보내어 공격한다. 상대를 풀죽게 만들 때가 있다.","80","100","20","3"
"327","스카이어퍼","Sky Uppercut","격투","물리","하늘을 향하는 듯한 높은 업퍼로 상대를 밀어올려 공격한다.","85","90","15","3"
"328","모래지옥","Sand Tomb","땅","물리","세차게 불어대는 모래바람 속에 4-5턴 동안 상대를 가두어 공격한다.","35","85","15","3"
"329","절대영도","Sheer Cold","얼음","특수","절대영도의 추위로 상대를 공격한다. 맞으면 일격에 기절한다.","일격필살","30","5","3"
"330","탁류","Muddy Water","물","특수","탁해진 물을 상대에게 발사하여 공격한다. 명중률을 떨어뜨릴 때가 있다.","90","85","10","3"
"331","씨기관총","Bullet Seed","풀","물리","씨앗을 기세 좋게 상대에게 발사하여 공격한다. 2-5회 동안 연속으로 쓴다.","25","100","30","3"
"332","제비반환","Aerial Ace","비행","물리","재빠른 움직임으로 상대를 농락해 벤다. 공격은 반드시 명중한다.","60","—","20","3"
"333","고드름침","Icicle Spear","얼음","물리","날카로운 고드름을 상대에게 발사하여 공격한다. 2-5회 동안 연속으로 쓴다.","25","100","30","3"
"334","철벽","Iron Defense","강철","변화","피부를 쇠처럼 단단하게 함으로써 자신의 방어를 크게 올린다.","—","—","15","3"
"335","블록","Block","노말","변화","양팔을 벌려 막아서서 상대의 도주로를 가로막아 도망칠 수 없게 한다.","-","-","5","3"
"336","멀리짖기","Howl","노말","변화","큰 소리로 짖고 기합을 높여 자신의 공격을 올린다.","—","—","40","3"
"337","드래곤클로","Dragon Claw","드래곤","물리","날카롭고 뾰족한 거대한 발톱으로 상대를 베어 갈라서 공격한다.","80","100","15","3"
"338","하드플랜트","Frenzy Plant","풀","특수","큰 나무로 상대를 힘껏 쳐서 공격한다. 다음 턴은 움직일 수 없게 된다.","150","90","5","3"
"339","벌크업","Bulk Up","격투","변화","몸에 힘을 담아 근육을 두껍게 해서 자신의 공격과 방어를 올린다.","—","—","20","3"
"340","뛰어오르기","Bounce","비행","물리","하늘 높이 뛰어올라 2턴째에 상대를 공격한다. 마비 상태로 만들 때가 있다.","85","85","5","3"
"341","머드샷","Mud Shot","땅","특수","진흙 덩어리를 상대에게 내던져서 공격한다. 동시에 상대의 스피드를 떨어뜨린다","55","95","15","3"
"342","포이즌테일","Poison Tail","독","물리","꼬리로 때린다. 독 상태로 만들 때가 있고 급소에 맞을 확률이 높다.","50","100","25","3"
"343","탐내기","Covet","노말","물리","귀엽게 애교부리며 상대에게 다가가 지니고 있는 도구를 뺏는다.","60","100","25","3"
"344","볼트태클","Volt Tackle","전기","물리","전기를 한데 모아 돌진한다. 자신도 상당한 데미지를 입는다. 마비 상태로 만들 때가 있다.","120","100","15","3"
"345","매지컬리프","Magical Leaf","풀","특수","상대를 추적하는 이상한 잎사귀를 흩뿌린다. 공격은 반드시 명중한다.","60","—","20","3"
"346","물놀이","Water Sport","물","변화","주위를 물로 흠뻑 젖게 만든다. 5턴 동안 불꽃타입의 기술을 약하게 한다.","-","-","15","3"
"347","명상","Calm Mind","에스퍼","변화","조용히 정신을 통일하고 마음을 가라앉혀서 자신의 특수공격과 특수방어를 올린다.","-","-","20","3"
"348","리프블레이드","Leaf Blade","풀","물리","잎사귀를 칼처럼 이용해 상대를 베어 공격한다. 급소에 맞기 쉽다.","90","100","15","3"
"349","용의춤","Dragon Dance","드래곤","변화","신비롭고 힘센 춤을 격렬하게 춘다. 자신의 공격과 스피드를 올린다.","—","—","20","3"
"350","록블라스트","Rock Blast","바위","물리","단단한 암석을 상대에게 발사하여 공격한다. 2-5회 동안 연속으로 쓴다.","25","90","10","3"
"351","전격파","Shock Wave","전기","특수","전격을 재빠르게 상대에게 날린다. 공격은 반드시 명중한다.","60","—","20","3"
"352","물의파동","Water Pulse","물","특수","물의 진동을 상대에게 가하여 공격한다. 상대를 혼란 시킬 때가 있다.","60","100","20","3"
"353","파멸의소원","Doom Desire","강철","특수","기술을 사용한 2턴 뒤에 무수한 빛의 다발이 상대를 공격한다.","140","100","5","3"
"354","사이코부스트","Psycho Boost","에스퍼","특수","풀 파워로 상대를 공격한다. 사용하면 반동으로 자신의 특수공격이 크게 떨어진다.","140","90","5","3"
"355","날개쉬기","Roost","비행","변화","땅에 내려와 몸을 쉬게 한다. 최대 HP의 절반만큼 HP를 회복한다.","—","—","5","4"
"356","중력","Gravity","에스퍼","변화","5턴 동안 부유나 비행타입에 땅타입의 기술이 맞게 된다. 공중으로 나는 기술도 사용할 수 없다.","—","—","5","4"
"357","미라클아이","Miracle Eye","에스퍼","변화","악타입에 효과가 없는 기술이나 회피율이 높은 상대라 할지라도 공격이 맞게 된다.","—","—","40","4"
"358","잠깨움뺨치기","Wake-Up Slap","격투","물리","잠듦 상태의 상대에게 큰 데미지를 준다. 그 대신 상대는 잠에서 깬다.","70","100","10","4"
"359","암해머","Hammer Arm","격투","물리","강하고 무거운 주먹을 휘둘러 데미지를 준다. 자신의 스피드가 떨어진다.","100","90","10","4"
"360","자이로볼","Gyro Ball","강철","물리","몸을 고속으로 회전시켜서 몸통박치기한다. 상대보다 스피드가 느릴수록 강하다.","-","100","5","4"
"361","치유소원","Healing Wish","에스퍼","변화","자신은 기절하지만 교대하여 나오는 포켓몬의 상태 이상과 HP를 회복한다.","—","—","10","4"
"362","소금물","Brine","물","특수","상대가 HP의 절반 정도 상처를 입고 있으면 기술의 위력이 2배가 된다.","65","100","10","4"
"363","자연의은혜","Natural Gift","노말","물리","나무열매에서 힘을 얻어 공격한다. 지니게 한 나무열매에 따라 기술의 타입과 위력이 바뀐다.","—","100","15","4"
"364","페인트","Feint","노말","물리","방어나 판별을 하고 있는 상대에게 공격할 수 있다. 방어 효과를 해제시킨다.","30","100","10","4"
"365","쪼아대기","Pluck","비행","물리","부리로 공격한다. 상대가 나무열매를 지니고 있을 때 쪼아서 나무열매의 효과를 받을 수 있다.","60","100","20","4"
"366","순풍","Tailwind","비행","변화","세차게 불어대는 바람의 소용돌이를 만들어 4턴 동안 같은 편 모두의 스피드를 올린다.","—","—","15","4"
"367","경혈찌르기","Acupressure","노말","변화","경혈을 눌러 몸을 활성화시킨다. 능력 중 하나를 크게 올린다.","—","—","30","4"
"368","메탈버스트","Metal Burst","강철","물리","기술을 쓰기 전에 마지막으로 받은 기술의 데미지를 늘려서 기술을 쓴 상대에게 돌려준다.","—","100","10","4"
"369","유턴","U-turn","벌레","물리","공격한 뒤 굉장한 스피드로 돌아와서 교대 포켓몬과 교체한다.","70","100","20","4"
"370","인파이트","Close Combat","격투","물리","방어를 포기하고 상대 쪽으로 깊숙이 돌격한다. 자신의 방어와 특수방어가 떨어진다.","120","100","5","4"
"371","보복","Payback","악","물리","모아서 공격한다. 상대보다 뒤에 공격할 수 있으면 기술의 위력은 2배가 된다.","50","100","10","4"
"372","승부굳히기","Assurance","악","물리","그 턴에 상대가 이미 데미지를 입었다면 기술의 위력은 2배가 된다.","60","100","10","4"
"373","금제","Embargo","악","변화","지니게 한 도구를 5턴 동안 쓸 수 없게 한다. 트레이너도 그 포켓몬에게는 도구를 쓸 수 없다.","—","100","15","4"
"374","내던지기","Fling","악","물리","지니게 한 도구를 재빠르게 내던져서 공격한다. 도구에 따라 위력과 효과가 바뀐다.","—","100","10","4"
"375","사이코시프트","Psycho Shift","에스퍼","변화","초능력으로 암시를 걸어서 자신에게 걸려 있는 상태 이상을 상대에게 옮긴다.","—","100","10","4"
"376","마지막수단","Trump Card","노말","특수","마지막수단의 남은 PP가 적으면 적을수록 기술의 위력이 올라간다.","—","—","5","4"
"377","회복봉인","Heal Block","에스퍼","변화","5턴 동안 기술을 통해 HP를 회복할 수 없게 한다.","—","100","15","4"
"378","쥐어짜기","Wring Out","노말","특수","강하게 조여 공격을 한다. 상대의 HP가 많이 남아있을수록 위력이 올라간다.","—","100","5","4"
"379","파워트릭","Power Trick","에스퍼","변화","초능력으로 자신의 공격과 방어의 힘을 교환한다.","—","—","10","4"
"380","위액","Gastro Acid","독","변화","상대의 몸에 위액을 내뱉는다. 달라붙은 위액은 상대의 특성 효과를 지운다.","-","100","10","4"
"381","주술","Lucky Chant","노말","변화","하늘을 향해 기도를 올려 상대의 공격을 급소에 맞지 않게 한다.","—","—","30","4"
"382","선취","Me First","노말","변화","위력을 올려 상대가 쓰려고 하는 기술을 먼저 쓴다. 먼저 쓰지 않으면 실패한다.","—","—","20","4"
"383","흉내쟁이","Copycat","노말","변화","직전에 나온 기술을 흉내 내어 같은 기술을 쓴다. 기술이 나오지 않았으면 실패한다.","—","—","20","4"
"384","파워스왑","Power Swap","에스퍼","변화","초능력으로 자신과 상대의 공격과 특수공격의 능력 변화를 교체한다.","—","—","10","4"
"385","가드스왑","Guard Swap","에스퍼","변화","초능력으로 자신과 상대의 방어와 특수방어의 능력 변화를 교체한다.","—","—","10","4"
"386","혼내기","Punishment","악","물리","능력 변화로 상대가 파워 업 한 만큼 기술의 위력이 올라간다.","—","100","5","4"
"387","비장의무기","Last Resort","노말","물리","배틀 중에 기억하고 있는 기술을 모두 사용하면 그때부터 쓸 수 있는 비장의 기술.","140","100","5","4"
"388","고민씨","Worry Seed","풀","변화","마음을 괴롭히는 씨앗을 심는다. 상대를 잠잘 수 없게 해서 특성을 불면으로 만든다.","—","100","10","4"
"389","기습","Sucker Punch","악","물리","상대보다 먼저 공격할 수 있다. 상대가 쓴 기술이 공격기술이 아니면 실패한다.","70","100","5","4"
"390","독압정","Toxic Spikes","독","변화","상대의 발밑에 독압정을 뿌린다. 교체로 나온 상대 포켓몬에 독을 덮어씌운다.","—","—","20","4"
"391","하트스왑","Heart Swap","에스퍼","변화","초능력으로 자신과 상대에 걸려있는 능력 변화를 교체한다.","—","—","10","4"
"392","아쿠아링","Aqua Ring","물","변화","몸 주변을 물로 만든 베일로 덮는다. 매 턴 HP를 회복한다.","—","—","20","4"
"393","전자부유","Magnet Rise","전기","변화","전기로 만든 자력의 힘으로 허공에 뜬다. 5턴 동안 부유할 수 있다.","—","—","10","4"
"394","플레어드라이브","Flare Blitz","불꽃","물리","불꽃을 두르고 돌진한다. 자신도 상당한 데미지를 입는다. 화상 상태로 만들 때가 있다.","120","100","15","4"
"395","발경","Force Palm","격투","물리","상대의 몸에 충격파를 부딪쳐 공격한다. 마비 상태로 만들 때가 있다.","60","100","10","4"
"396","파동탄","Aura Sphere","격투","특수","몸속에서 파동의 힘을 끌어내 쏜다. 공격은 반드시 명중한다.","80","—","20","4"
"397","록커트","Rock Polish","바위","변화","몸을 닦아 공기의 저항을 적게 한다. 스피드를 크게 올릴 수 있다.","—","—","20","4"
"398","독찌르기","Poison Jab","독","물리","독에 물든 촉수나 팔로 상대를 꿰찌른다. 독 상태로 만들 때가 있다.","80","100","20","4"
"399","악의파동","Dark Pulse","악","특수","몸에서 악의로 가득한 무서운 오라를 발한다. 상대를 풀죽게 만들 때가 있다.","80","100","15","4"
"400","깜짝베기","Night Slash","악","물리","순간적으로 틈을 노려 상대를 베어 버린다. 급소에 맞기 쉽다.","70","100","15","4"
"401","아쿠아테일","Aqua Tail","물","물리","세차게 날뛰는 거친 파도와 같이 큰 꼬리를 흔들어서 공격한다.","90","90","10","4"
"402","씨폭탄","Seed Bomb","풀","물리","단단한 껍질을 가지고 있는 큰 씨앗을 위에서 힘껏 내던져 상대를 공격한다.","80","100","15","4"
"403","에어슬래시","Air Slash","비행","특수","하늘까지 베어 가르는 공기의 칼날로 공격한다. 상대를 풀죽게 만들 때가 있다.","75","95","20","4"
"404","시저크로스","X-Scissor","벌레","물리","낫이나 발톱을 가위처럼 교차시키면서 상대를 베어 가른다.","80","100","15","4"
"405","벌레의야단법석","Bug Buzz","벌레","특수","날개의 진동으로 음파를 일으켜서 공격한다. 상대의 특수방어를 떨어뜨릴 때가 있다.","90","100","10","4"
"406","용의파동","Dragon Pulse","드래곤","특수","큰 입으로 충격파를 일으켜서 상대를 공격한다.","85","100","10","4"
"407","드래곤다이브","Dragon Rush","드래곤","물리","굉장한 살기로 위압하면서 몸통박치기한다. 상대를 풀죽게 만들 때가 있다.","100","75","10","4"
"408","파워젬","Power Gem","바위","특수","보석처럼 반짝이는 빛을 발사하여 상대를 공격한다.","80","100","20","4"
"409","드레인펀치","Drain Punch","격투","물리","주먹으로 상대의 힘을 흡수한다. 입힌 데미지의 절반에 해당하는 HP를 회복할 수 있다.","75","100","10","4"
"410","진공파","Vacuum Wave","격투","특수","주먹을 흔들어 진공의 파도를 일으킨다. 반드시 선제 공격을 할 수 있다.","40","100","30","4"
"411","기합구슬","Focus blast","격투","특수","기합을 높여서 혼신의 힘을 방출한다. 상대의 특수방어를 떨어뜨릴 때가 있다.","120","70","5","4"
"412","에너지볼","Energy Ball","풀","특수","자연으로부터 생명의 힘을 모아서 발사한다. 상대의 특수방어를 떨어뜨릴 때가 있다.","90","100","10","4"
"413","브레이브버드","Brave Bird","비행","물리","날개를 접어 저공비행으로 돌격한다. 자신도 상당한 데미지를 입는다.","120","100","15","4"
"414","대지의힘","Earth Power","땅","특수","상대의 발밑에 대지의 힘을 방출한다. 상대의 특수방어를 떨어뜨릴 때가 있다.","90","100","10","4"
"415","바꿔치기","Switcheroo","악","변화","눈에 보이지 않는 속도로 자신과 상대가 지닌 물건을 교환한다.","—","100","10","4"
"416","기가임팩트","Giga Impact","노말","물리","가진 힘을 모두 사용해서 상대에게 돌격한다. 다음 턴은 움직일 수 없다.","150","90","5","4"
"417","나쁜음모","Nasty Plot","악","변화","나쁜 일을 생각해서 머리를 활성화시킨다. 자신의 특수공격을 크게 올린다.","—","—","20","4"
"418","불릿펀치","Bullet Punch","강철","물리","탄환처럼 빠르고 단단한 펀치를 날린다. 반드시 선제 공격을 할 수 있다.","40","100","30","4"
"419","눈사태","Avalanche","얼음","물리","상대로부터 기술을 받으면 그 상대에 대해서 기술의 위력이 2배가 된다.","60","100","10","4"
"420","얼음뭉치","Ice Shard","얼음","물리","얼음 덩어리를 순식간에 만들어 빠르게 쏜다. 반드시 선제 공격을 할 수 있다.","40","100","30","4"
"421","섀도클로","Shadow Claw","고스트","물리","그림자로 만든 날카로운 발톱으로 상대를 베어 가른다. 급소에 맞을 확률이 높다.","70","100","15","4"
"422","번개엄니","Thunder Fang","전기","물리","전기를 모은 이빨로 문다. 상대를 풀죽게 하거나 마비 상태로 만들 때가 있다.","65","95","15","4"
"423","얼음엄니","Ice Fang","얼음","물리","냉기를 품은 이빨로 문다. 상대를 풀죽게 하거나 얼음 상태로 만들 때가 있다.","65","95","15","4"
"424","불꽃엄니","Fire Fang","불꽃","물리","불꽃을 두른 이빨로 문다. 상대를 풀죽게 하거나 화상 상태로 만들 때가 있다.","65","95","15","4"
"425","야습","Shadow Sneak","고스트","물리","그림자를 늘려 상대의 배후에서 공격한다. 반드시 선제 공격할 수 있다.","40","100","30","4"
"426","진흙폭탄","Mud Bomb","땅","특수","단단한 진흙구슬을 상대에게 발사하여 공격한다. 명중률을 떨어뜨릴 때가 있다.","65","85","10","4"
"427","사이코커터","Psycho Cut","에스퍼","물리","실체화시킨 마음의 칼날로 상대를 베어 가른다. 급소에 맞을 확률이 높다.","70","100","20","4"
"428","사념의박치기","Zen Headbutt","에스퍼","물리","사념의 힘을 이마에 모아서 공격한다. 상대를 풀죽게 만들 때가 있다.","80","90","15","4"
"429","미러샷","Mirror Shot","강철","특수","갈고닦은 몸에서 섬광의 힘을 상대에게 쏜다. 명중률을 떨어뜨릴 때가 있다.","65","85","10","4"
"430","러스터캐논","Flash Cannon","강철","특수","몸의 빛을 한곳에 모아서 힘을 쏜다. 상대의 특수방어를 떨어뜨릴 때가 있다.","80","100","10","4"
"431","록클라임","Rock Climb","노말","물리","돌진하여 공격한다. 상대를 혼란시킬 때가 있다. 포켓치의 비전기술 중 하나.","90","85","20","4"
"432","안개제거","Defog","비행","변화","강한 바람으로 상대의 리플렉터나 빛의장막 등을 제거한다. 회피율도 떨어뜨린다.","—","—","15","4"
"433","트릭룸","Trick Room","에스퍼","변화","이상한 공간을 만든다. 5턴 동안 느린 포켓몬부터 행동할 수 있다.","—","—","5","4"
"434","용성군","Draco Meteor","드래곤","특수","천공에서 운석을 떨어뜨린다. 사용하면 반동으로 자신의 특수공격이 크게 떨어진다.","130","90","5","4"
"435","방전","Discharge","전기","특수","눈부신 전격으로 주위에 있는 모두를 공격한다. 마비 상태로 만들 때가 있다.","80","100","15","4"
"436","분연","Lava Plume","불꽃","특수","새빨간 불꽃으로 주위에 있는 모두를 공격한다. 화상 상태로 만들 때가 있다.","80","100","15","4"
"437","리프스톰","Leaf Storm","풀","특수","뾰족한 잎사귀로 상대에게 바람을 일으킨다. 사용하면 반동으로 자신의 특수공격이 크게 떨어진다.","130","90","5","4"
"438","파워휩","Power Whip","풀","물리","덩굴이나 촉수를 세차게 흔들어 상대를 힘껏 쳐서 공격한다.","120","85","10","4"
"439","암석포","Rock Wrecker","바위","물리","거대한 바위를 상대에게 발사하여 공격한다. 다음 턴은 움직일 수 없게 된다.","150","90","5","4"
"440","크로스포이즌","Cross Poison","독","물리","상대를 베어 가른다. 독 상태로 만들 때가 있고 급소에 맞을 확률이 높다.","70","100","20","4"
"441","더스트슈트","Gunk Shot","독","물리","더러운 쓰레기를 상대에게 부딪쳐서 공격한다. 독 상태로 만들 때가 있다.","120","80","5","4"
"442","아이언헤드","Iron Head","강철","물리","강철과 같은 단단한 머리로 공격한다. 상대를 풀죽게 만들 때가 있다.","80","100","15","4"
"443","마그넷봄","Magnet Bomb","강철","물리","상대에게 달라붙는 강철의 폭탄을 발사한다. 공격은 반드시 명중한다.","60","—","20","4"
"444","스톤에지","Stone Edge","바위","물리","뾰족한 바위를 상대에게 꿰찔러서 공격한다. 급소에 맞을 확률이 높다.","100","80","5","4"
"445","유혹","Captivate","노말","변화","수컷은 암컷을 암컷은 수컷을 유혹하여 상대의 특수공격을 크게 떨어뜨린다.","—","100","20","4"
"446","스텔스록","Stealth Rock","바위","변화","상대의 주위에 무수한 바위를 띄워 교체해서 나온 포켓몬에게 데미지를 준다.","—","—","20","4"
"447","풀묶기","Grass Knot","풀","특수","풀을 휘감아서 상대를 쓰러뜨린다. 상대가 무거울수록 위력이 올라간다.","—","100","20","4"
"448","수다","Chatter","비행","특수","기억한 말로 음파를 일으켜서 공격한다. 상대를 혼란시킨다.","65","100","20","4"
"449","심판의뭉치","Judgment","노말","특수","무수한 광탄을 방출한다. 자신이 가지고 있는 플레이트에 따라 타입이 바뀐다.","100","100","10","4"
"450","벌레먹기","Bug Bite","벌레","물리","물어서 공격한다. 상대가 나무열매를 지니고 있을 때 먹어서 나무열매의 효과를 받을 수 있다.","60","100","20","4"
"451","차지빔","Charge Beam","전기","특수","전격의 다발을 상대에게 발사한다. 전기를 모아서 자신의 특수공격을 올릴 때가 있다.","50","90","10","4"
"452","우드해머","Wood Hammer","풀","물리","단단한 몸통을 상대에게 부딪쳐서 공격한다. 자신도 상당한 데미지를 입는다.","120","100","15","4"
"453","아쿠아제트","Aqua Jet","물","물리","눈에 보이지 않는 굉장한 속도로 상대에게 돌진한다. 반드시 선제 공격을 할 수 있다.","40","100","20","4"
"454","공격지령","Attack Order","벌레","물리","부하를 불러내어 상대를 향해서 공격시킨다. 급소에 맞기 쉽다.","90","100","15","4"
"455","방어지령","Defend Order","벌레","변화","부하를 불러내어 자신의 몸을 뒤덮게 한다. 자신의 방어와 특수방어을 올릴 수 있다.","-","-","10","4"
"456","회복지령","Heal Order","벌레","변화","부하를 불러내어 상처를 회복한다. 최대 HP의 절반만큼 HP를 회복한다.","—","—","10","4"
"457","양날박치기","Head Smash","바위","물리","목숨을 걸고 풀파워로 박치기를 한다. 자신도 상당히 데미지를 받는다.","150","80","5","4"
"458","더블어택","Double Hit","노말","물리","꼬리 등을 써서 상대를 때려 공격한다. 2회 연속으로 데미지를 준다.","35","90","10","4"
"459","시간의포효","Roar Of Time","드래곤","특수","시간이 뒤틀릴 정도의 힘을 사용해서 상대를 공격한다. 다음 턴은 움직일 수 없다.","150","90","5","4"
"460","공간절단","Spacial Rend","드래곤","특수","주위의 공간과 더불어 상대를 찢어서 데미지를 준다. 급소에 맞기 쉽다.","100","95","5","4"
"461","초승달춤","Lunar Dance","에스퍼","변화","자신은 기절하지만 교대하여 나오는 포켓몬의 모든 상태를 전부 회복한다.","—","—","10","4"
"462","묵사발","Crush Grip","노말","물리","굉장한 힘으로 상대를 묵사발로 만든다. 상대의 HP가 남아 있을수록 위력이 올라간다.","—","100","5","4"
"463","마그마스톰","Magma Storm","불꽃","특수","세차게 타오르는 불꽃 속에 4-5턴 동안 상대를 가두어 공격한다.","100","75","5","4"
"464","다크홀","Dark Void","악","변화","암흑의 세계로 끌고 가서 떨어뜨려 상대를 잠듦 상태로 만든다.","—","50","10","4"
"465","시드플레어","Seed Flare","풀","특수","몸속에서 충격파를 발생시킨다. 상대의 특수방어를 떨어트릴 때가 있다.","120","85","5","4"
"466","괴상한바람","Ominous Wind","고스트","특수","소름이 끼칠 만한 돌풍으로 상대를 공격한다. 자신의 모든 능력이 올라갈 때가 있다.","60","100","5","4"
"467","섀도다이브","Shadow Force","고스트","물리","1턴째에 사라져 2턴째에 상대를 공격한다. 방어하고 있어도 공격은 맞는다.","120","100","5","4"
"468","손톱갈기","Hone Claws","악","변화","손톱을 갈아 날카롭게 한다. 자신의 공격과 명중률을 올린다.","—","—","15","5"
"469","와이드가드","Wide Guard","바위","변화","같은 편 전원에게 향하는 공격을 1턴 동안 막는다.","—","—","10","5"
"470","가드셰어","Guard Split","에스퍼","변화","초능력으로 자신과 상대의 방어와 특수방어를 더해서 반으로 나눈다.","—","—","10","5"
"471","파워셰어","Power Split","에스퍼","변화","초능력으로 자신과 상대의 공격과 특수공격을 더해서 반으로 나눈다.","—","—","10","5"
"472","원더룸","Wonder Room","에스퍼","변화","이상한 공간을 만든다. 5턴 동안 모든 포켓몬의 방어와 특수방어가 바뀐다.","—","—","10","5"
"473","사이코쇼크","Psyshock","에스퍼","특수","이상한 염력파를 실체화하여 상대를 공격한다. 물리적인 데미지를 준다.","80","100","10","5"
"474","베놈쇼크","Venoshock","독","특수","특수한 독액을 끼얹는다. 독 상태의 상대에게는 위력이 2배가 된다.","65","100","10","5"
"475","바디퍼지","Autotomize","강철","변화","몸의 쓸모없는 부분을 깎는다. 자신의 스피드를 크게 올리고 체중도 가벼워진다.","—","—","15","5"
"476","분노가루","Rage Powder","벌레","변화","안절부절못하게 하는 가루를 자신에게 뿌려서 주의를 끈다. 상대의 공격은 모두 자신에게 향한다.","—","—","20","5"
"477","텔레키네시스","Telekinesis","에스퍼","변화","초능력으로 상대를 띄운다. 3턴 동안 공격이 상대에게 맞기 쉬워진다.","—","—","15","5"
"478","매직룸","Magic Room","에스퍼","변화","이상한 공간을 만든다. 5턴 동안 모든 포켓몬의 도구의 효과가 사라진다.","—","—","10","5"
"479","떨어뜨리기","Smack Down","바위","물리","돌이나 구슬을 던져서 날고 있는 상대를 공격한다. 맞은 상대는 땅에 떨어진다.","50","100","15","5"
"480","업어후리기","Storm Throw","격투","물리","강렬한 일격을 상대에게 날린다. 공격은 반드시 급소에 맞는다.","60","100","10","5"
"481","불꽃튀기기","Flame Burst","불꽃","특수","맞으면 튀는 불꽃으로 상대를 공격한다. 튕긴 불꽃은 옆의 상대에게도 쏟아진다.","70","100","15","5"
"482","오물웨이브","Sludge Wave","독","특수","오물 파도로 자신의 주위에 있는 포켓몬을 공격한다. 독 상태로 만들 때가 있다.","95","100","10","5"
"483","나비춤","Quiver Dance","벌레","변화","신비롭고 아름다운 춤을 경쾌하게 춘다. 자신의 특수공격과 특수방어와 스피드를 올린다.","—","—","20","5"
"484","헤비봄버","Heavy Slam","강철","물리","무거운 몸으로 상대에게 부딪쳐 공격한다. 자신이 상대보다 무거울수록 위력이 올라간다.","—","100","10","5"
"485","싱크로노이즈","Synchronoise","에스퍼","특수","이상한 전파로 주위에 있는 자신과 같은 타입의 포켓몬에게 데미지를 준다.","120","100","10","5"
"486","일렉트릭볼","Electro Ball","전기","특수","전기 덩어리를 상대에게 부딪쳐서 공격한다. 상대보다 스피드가 빠를수록 위력이 올라간다.","—","100","10","5"
"487","물붓기","Soak","물","변화","많은 물을 끼얹어서 상대를 물타입으로 바꾼다.","—","100","20","5"
"488","니트로차지","Flame Charge","불꽃","물리","불꽃을 둘러 상대를 공격한다. 힘을 모아서 자신의 스피드를 올린다.","50","100","20","5"
"489","똬리틀기","Coil","독","변화","똬리를 틀어서 집중한다. 자신의 공격과 방어와 명중률을 올린다.","—","—","20","5"
"490","로킥","Low Sweep","격투","물리","재빠른 움직임으로 상대의 다리를 노려 공격한다. 상대의 스피드를 떨어뜨린다.","65","100","20","5"
"491","애시드봄","Acid Spray","독","특수","상대를 녹이는 액체를 토해내서 공격한다. 상대의 특수방어를 크게 떨어뜨린다.","40","100","20","5"
"492","속임수","Foul Play","악","물리","상대의 힘을 이용한다. 싸우고 있는 상대의 공격이 높을수록 데미지가 올라간다.","95","100","15","5"
"493","심플빔","Simple Beam","노말","변화","수수께끼의 염력파를 상대에게 보낸다. 염력파를 받은 상대는 특성이 단순으로 바뀐다.","—","100","15","5"
"494","동료만들기","Entrainment","노말","변화","이상한 리듬으로 춤춘다. 움직임을 흉내 내게 해서 자신과 상대의 특성을 똑같게 만든다.","—","100","15","5"
"495","당신먼저","After You","노말","변화","상대의 행동을 도와서 자신이 행동한 뒤에 바로 움직일 수 있도록 한다.","—","—","15","5"
"496","돌림노래","Round","노말","특수","노래로 상대를 공격한다. 함께 돌림노래를 하면 계속해서 쓸 수 있고 위력도 올라간다.","60","100","15","5"
"497","에코보이스","Echoed Voice","노말","특수","울리는 목소리로 상대를 공격한다. 매 턴 누군가 이 기술을 계속해서 쓰면 위력이 올라간다.","40","100","15","5"
"498","야금야금","Chip Away","노말","물리","틈을 보며 착실하게 공격한다. 상대의 능력 변화에 관계없이 데미지를 준다.","70","100","20","5"
"499","클리어스모그","Clear Smog","독","특수","특수한 진흙 덩어리를 상대에게 내던져서 공격한다. 능력 변화를 원래대로 돌린다.","50","—","15","5"
"500","어시스트파워","Stored Power","에스퍼","특수","축적된 파워로 상대를 공격한다. 자신의 능력이 올라가 있는 만큼 위력이 오른다.","20","100","10","5"
"501","패스트가드","Quick Guard","격투","변화","자신과 같은 편을 상대의 선제공격으로부터 지킨다.","—","—","15","5"
"502","사이드체인지","Ally Switch","에스퍼","변화","이상한 힘으로 순간이동하여 자신과 같은 편이 있는 장소를 바꾼다.","—","—","15","5"
"503","열탕","Scald","물","특수","뜨겁게 끓어오르는 물을 상대에게 발사해서 공격한다. 화상 상태로 만들 때가 있다.","80","100","15","5"
"504","껍질깨기","Shell Smash","노말","변화","껍질을 깨서 자신의 방어와 특수방어를 떨어뜨리지만 공격과 특수공격, 스피드를 크게 올린다.","—","—","15","5"
"505","치유파동","Heal Pulse","에스퍼","변화","치유파동을 날려서 최대 HP의 절반만큼 상대의 HP를 회복한다.","—","—","10","5"
"506","병상첨병","Hex","고스트","특수","엎친 데 덮친 격으로 공격한다. 상태 이상인 상대에게 큰 데미지를 준다.","65","100","10","5"
"507","프리폴","Sky Drop","비행","물리","1턴째에 상대를 하늘로 끌고 가서 2턴째에 떨어뜨려 공격한다. 끌려간 상대는 움직일 수 없다.","60","100","10","5"
"508","기어체인지","Shift Gear","강철","변화","톱니바퀴를 돌려서 자신의 공격을 올리는 것뿐만 아니라 스피드도 크게 올린다.","—","—","10","5"
"509","배대뒤치기","Circle Throw","격투","물리","상대를 내던져서 교대할 포켓몬을 끌어낸다. 야생의 경우에는 배틀이 끝난다.","60","90","10","5"
"510","불태우기","Incinerate","불꽃","특수","불꽃으로 상대를 공격한다. 상대가 나무열매 등을 지니고 있을 때 불태워서 쓸 수 없게 만든다.","60","100","15","5"
"511","순서미루기","Quash","악","변화","상대를 억눌러서 행동의 순서를 마지막으로 만든다.","—","100","15","5"
"512","애크러뱃","Acrobatics","비행","물리","경쾌하게 상대를 공격한다. 자신이 도구를 지니고 있지 않을 때 큰 데미지를 준다.","55","100","15","5"
"513","미러타입","Reflect Type","노말","변화","상대의 타입을 반사해서 자신도 똑같은 타입이 된다.","—","—","15","5"
"514","원수갚기","Retaliate","노말","물리","쓰러진 같은 편의 원수를 갚는다. 앞 턴에서 같은 편이 쓰러졌다면 위력이 올라간다.","70","100","5","5"
"515","목숨걸기","Final Gambit","격투","특수","목숨을 걸고 상대를 공격한다. 자신은 기절하게 되지만 상대에게 HP만큼의 데미지를 준다.","—","100","5","5"
"516","기프트패스","Bestow","노말","변화","상대가 도구를 지니고 있지 않을 때 자신이 지니고 있는 도구를 상대에게 건넨다.","—","—","15","5"
"517","연옥","Inferno","불꽃","특수","격렬한 불꽃으로 상대를 둘러싸 공격한다. 화상 상태로 만든다.","100","50","5","5"
"518","물의맹세","Water Pledge","물","특수","물기둥으로 공격한다. 불꽃과 조합하면 위력이 올라가고 하늘에 무지개가 걸린다.","80","100","10","5"
"519","불꽃의맹세","Fire Pledge","불꽃","특수","불꽃기둥으로 공격한다. 풀과 조합하면 위력이 올라가고 주위가 불바다가 된다.","80","100","10","5"
"520","풀의맹세","Grass Pledge","풀","특수","풀기둥으로 공격한다. 물과 조합하면 위력이 올라가고 주변이 습지초원이 된다.","80","100","10","5"
"521","볼트체인지","Volt Switch","전기","특수","공격한 뒤 굉장한 스피드로 돌아와서 교대 포켓몬과 교체한다.","70","100","20","5"
"522","벌레의저항","Struggle Bug","벌레","특수","저항해서 상대를 공격한다. 상대의 특수공격을 떨어뜨린다.","50","100","20","5"
"523","땅고르기","Bulldoze","땅","물리","땅을 힘껏 밟아 자신의 주위에 있는 포켓몬을 공격한다. 상대의 스피드를 떨어뜨린다.","60","100","20","5"
"524","얼음숨결","Frost Breath","얼음","특수","차가운 숨결을 상대에게 내뿜어 공격한다. 반드시 급소에 맞는다.","60","90","10","5"
"525","드래곤테일","Dragon Tail","드래곤","물리","상대를 튕겨내서 교대할 포켓몬을 끌어낸다. 야생의 경우에는 배틀이 끝난다.","60","90","10","5"
"526","분발","Work Up","노말","변화","스스로 분발해서 공격과 특수공격을 올린다.","—","—","30","5"
"527","일렉트릭네트","Electroweb","전기","특수","전기 네트로 상대를 붙잡아서 공격한다. 상대의 스피드를 떨어뜨린다.","55","95","15","5"
"528","와일드볼트","Wild Charge","전기","물리","전기를 두르고 상대에게 부딪쳐 공격한다. 자신도 조금 데미지를 입는다.","90","100","15","5"
"529","드릴라이너","Drill Run","땅","물리","드릴처럼 몸을 회전시켜서 상대에게 몸통박치기한다. 급소에 맞기 쉽다.","80","95","10","5"
"530","더블촙","Dual Chop","드래곤","물리","몸의 단단한 부분으로 상대를 때려 공격한다. 2회 연속으로 데미지를 준다.","40","90","15","5"
"531","하트스탬프","Heart Stamp","에스퍼","물리","귀여운 모습으로 방심시켜서 강렬한 일격을 날린다. 상대를 풀죽게 만들 때가 있다.","60","100","25","5"
"532","우드혼","Horn Leech","풀","물리","뿔을 꿰찔러서 상대의 양분을 흡수한다. 입힌 데미지의 절반에 해당하는 HP를 회복할 수 있다.","75","100","10","5"
"533","성스러운칼","Sacred Sword","격투","물리","긴 뿔로 베어 공격한다. 상대의 능력 변화에 관계없이 데미지를 준다.","90","100","15","5"
"534","셸블레이드","Razor Shell","물","물리","날카로운 조개껍질로 베어 공격한다. 상대의 방어를 떨어뜨릴 때가 있다.","75","95","10","5"
"535","히트스탬프","Heat Crash","불꽃","물리","불타는 몸으로 상대에게 부딪쳐서 공격한다. 자신이 상대보다 무거울수록 위력이 올라간다.","—","100","10","5"
"536","그래스믹서","Leaf Tornado","풀","특수","날카로운 잎사귀로 상대를 둘러싸서 공격한다. 명중률을 떨어뜨릴 때가 있다.","65","90","10","5"
"537","하드롤러","Steamroller","벌레","물리","둥글게 뭉친 몸을 회전하여 상대를 뭉개 버린다. 상대를 풀죽게 만들 때가 있다.","65","100","20","5"
"538","코튼가드","Cotton Guard","풀","변화","푹신푹신한 솜털로 자신의 몸을 둘러싸서 지킨다. 방어를 매우 크게 올린다.","—","—","10","5"
"539","나이트버스트","Night Daze","악","특수","암흑의 충격파를 날려서 상대를 공격한다. 명중률을 떨어뜨릴 때가 있다.","85","95","10","5"
"540","사이코브레이크","Psystrike","에스퍼","특수","이상한 염력파를 실체화하여 상대를 공격한다. 물리적인 데미지를 준다.","100","100","10","5"
"541","스위프뺨치기","Tail Slap","노말","물리","단단한 꼬리로 상대를 때려서 공격한다. 2-5회 동안 연속으로 쓴다.","25","85","10","5"
"542","폭풍","Hurricane","비행","특수","강렬한 바람으로 상대를 둘러싸서 공격한다. 상대를 혼란시킬 때가 있다.","110","70","10","5"
"543","아프로브레이크","Head Charge","노말","물리","굉장한 아프로 머리로 상대에게 돌진하여 공격한다. 자신도 조금 데미지를 입는다.","120","100","15","5"
"544","기어소서","Gear Grind","강철","물리","강철의 기어를 상대에게 던져서 공격한다. 2회 연속으로 데미지를 준다.","50","85","15","5"
"545","화염탄","Searing Shot","불꽃","특수","새빨간 불꽃으로 자신의 주위에 있는 포켓몬을 공격한다. 화상 상태로 만들 때가 있다.","100","100","5","5"
"546","테크노버스터","Techno Blast","노말","특수","광탄을 상대에게 방출한다. 자신이 지니고 있는 카세트에 의해 타입이 바뀐다.","120","100","5","5"
"547","옛노래","Relic Song","노말","특수","옛노래를 상대에게 들려주고 마음에 호소하여 공격한다. 잠듦 상태로 만들 때가 있다.","75","100","10","5"
"548","신비의칼","Secret Sword","격투","특수","긴 뿔로 베어 공격한다. 뿔이 머금은 이상한 힘은 물리적인 데미지를 준다.","85","100","10","5"
"549","얼어붙은세계","Glaciate","얼음","특수","차가운 냉기를 상대에게 내뿜어 공격한다. 상대의 스피드를 떨어뜨린다.","65","95","10","5"
"550","뇌격","Bolt Strike","전기","물리","방대한 전기를 몸에 둘러 상대에게 돌진해서 공격한다. 마비 상태로 만들 때가 있다.","130","85","5","5"
"551","푸른불꽃","Blue Flare","불꽃","특수","아름다우면서도 격렬한 푸른불꽃으로 상대를 둘러싸서 공격한다. 화상 상태로 만들 때가 있다.","130","85","5","5"
"552","불꽃춤","Fiery Dance","불꽃","특수","불꽃을 두른 날개를 쳐서 공격한다. 자신의 특수공격이 오를 때가 있다.","80","100","10","5"
"553","프리즈볼트","Freeze Shock","얼음","물리","전기를 두른 얼음덩어리로 2턴째에 상대를 내리친다. 마비 상태로 만들 때가 있다.","140","90","5","5"
"554","콜드플레어","Ice Burn","얼음","특수","모든 것을 얼려버리는 격렬한 냉기로 2턴째에 상대를 둘러싼다. 화상 상태로 만들 때가 있다.","140","90","5","5"
"555","바크아웃","Snarl","악","특수","호되게 호통을 쳐서 상대의 특수공격을 떨어뜨린다.","55","95","15","5"
"556","고드름떨구기","Icicle Crash","얼음","물리","큰 고드름을 격렬하게 부딪쳐서 공격한다. 상대를 풀죽게 만들 때가 있다.","85","90","10","5"
"557","V제너레이트","V-create","불꽃","물리","작열하는 불꽃을 이마에서 발생시켜 이판사판으로 몸통박치기한다. 방어, 특수방어, 스피드가 떨어진다.","180","95","5","5"
"558","크로스플레임","Fusion Flare","불꽃","특수","거대한 불꽃을 내리친다. 거대한 천둥의 영향을 받아 기술의 위력이 올라간다.","100","100","5","5"
"559","크로스썬더","Fusion Bolt","전기","물리","거대한 천둥을 내리친다. 거대한 불꽃의 영향을 받아 기술의 위력이 올라간다.","100","100","5","5"
"560","플라잉프레스","Flying Press","격투","물리","공중에서 상대에게 다이브한다. 이 기술은 격투타입임과 동시에 비행타입이기도 하다.","100","95","10","6"
"561","마룻바닥세워막기","Mat Block","격투","변화","뒤집어 세운 마룻바닥을 방패로 하여 자신과 같은 편으로 향하는 기술 데미지를 막는다. 변화 기술은 막을 수 없다.","—","—","10","6"
"562","트림","Belch","독","특수","상대를 향해 트림을 하여 데미지를 준다. 나무열매를 먹지 않으면 쓸 수 없다.","120","90","10","6"
"563","일구기","Rototiller","땅","변화","땅을 일구어 초목이 자라기 쉽게 한다. 풀타입의 공격과 특수공격이 오른다.","—","—","10","6"
"564","끈적끈적네트","Sticky Web","벌레","변화","상대의 주위에 끈적끈적한 네트를 둘러 펼쳐 교체되어 나온 상대의 스피드를 떨어뜨린다.","—","—","20","6"
"565","마지막일침","Fell Stinger","벌레","물리","이 기술을 사용하여 상대를 쓰러뜨리면 공격이 매우 크게 오른다.","50","100","25","6"
"566","고스트다이브","Phantom Force","고스트","물리","1턴째에 어디론가 사라져서 2턴째에 상대를 공격한다. 기술 방어를 무시하고 공격할 수 있다.","90","100","10","6"
"567","핼러윈","Trick-or-Treat","고스트","변화","상대를 핼러윈으로 초대한다. 상대 타입에 고스트타입이 추가된다.","—","100","20","6"
"568","부르짖기","Noble Roar","노말","변화","우렁차게 부르짖어서 상대를 위협하여 상대의 공격과 특수공격을 떨어뜨린다.","—","100","30","6"
"569","플라스마샤워","Ion Deluge","전기","변화","전기를 띤 입자를 확산시켜 노말타입 기술을 전기타입으로 바꿔버린다.","—","—","25","6"
"570","파라볼라차지","Parabolic Charge","전기","특수","주위에 있는 모든 포켓몬에게 데미지를 준다. 준 데미지의 절반을 자신이 회복한다.","65","100","20","6"
"571","숲의저주","Forest's Curse","풀","변화","상대에게 숲의 저주를 건다. 저주에 걸린 상대는 타입에 풀타입이 추가된다.","—","100","20","6"
"572","꽃보라","Petal Blizzard","풀","물리","세찬 꽃보라를 일으켜서 주위에 있는 포켓몬을 공격하여 대미지를 준다.","90","100","15","6"
"573","프리즈드라이","Freeze-Dry","얼음","특수","상대를 급격히 차갑게 하여 얼음 상태로 만들 때가 있다. 물타입 포켓몬에게도 효과가 굉장해진다.","70","100","20","6"
"574","차밍보이스","Disarming Voice","페어리","특수","매혹적인 울음소리를 내어 상대에게 정신적 데미지를 준다. 공격은 반드시 명중한다.","40","—","15","6"
"575","막말내뱉기","Parting shot","악","변화","막말을 내뱉어 상대를 위협하여 공격과 특수공격을 떨어뜨린 후 교대 포켓몬과 교체한다.","—","100","20","6"
"576","뒤집어엎기","Topsy-Turvy","악","변화","상대에게 걸려 있는 모든 능력 변화를 뒤집어서 반대로 만든다.","—","—","20","6"
"577","드레인키스","Draining Kiss","페어리","특수","키스로 상대로부터 HP를 흡수한다. 준 데미지의 반 이상 HP를 회복한다.","50","100","10","6"
"578","트릭가드","Crafty Shield","페어리","변화","이상한 힘을 사용하여 같은 편을 공격하는 변화 기술을 막는다. 데미지 기술은 받는다.","—","—","10","6"
"579","플라워가드","Flower shield","페어리","변화","이상한 힘을 사용하여 배틀에 나와있는 모든 풀타입 포켓몬의 방어를 올린다.","—","—","10","6"
"580","그래스필드","Grassy Terrain","풀","변화","5턴 동안 발 밑을 그래스필드로 만든다. 땅에 있는 포켓몬은 매 턴 회복한다.","—","—","10","6"
"581","미스트필드","Misty Terrain","페어리","변화","5턴 동안 발 밑을 미스트필드로 만든다. 땅에 있으면 상태 이상이 되지 않는다.","—","—","10","6"
"582","송전","Electrify","전기","변화","상대가 기술을 쓰기 전에 송전하면 그 턴에 상대가 사용하는 기술은 전기타입이 된다.","—","—","20","6"
"583","치근거리기","Play Rough","페어리","물리","상대에게 치근거리며 공격한다. 상대의 공격을 떨어뜨릴 때가 있다.","90","90","10","6"
"584","요정의바람","Fairy Wind","페어리","특수","요정의 바람을 일으켜 상대에게 몰아쳐서 공격한다.","40","100","30","6"
"585","문포스","Moonblast","페어리","특수","달의 파워를 빌려서 상대를 공격한다. 상대의 특수공격을 떨어뜨릴 때가 있다.","95","100","15","6"
"586","폭음파","Boomburst","노말","특수","무시무시한 폭음의 파괴력으로 주위에 있는 포켓몬을 공격한다.","140","100","10","6"
"587","페어리록","Fairy Lock","페어리","변화","록을 걸어 다음 턴의 모든 포켓몬을 도망가지 못하게 한다.","—","—","10","6"
"588","킹실드","King's Shield","강철","변화","상대의 공격을 막음과 동시에 방어 태세를 갖춘다. 접촉한 상대의 공격을 크게 떨어뜨린다.","—","—","10","6"
"589","친해지기","Play Nice","노말","변화","상대와 친해져서 싸울 마음을 잃게 하여 상대의 공격을 떨어뜨린다.","—","—","20","6"
"590","비밀이야기","Confide","노말","변화","비밀 이야기를 해서 상대의 집중력을 잃게 하여 특수공격을 떨어뜨린다.","—","—","20","6"
"591","다이아스톰","Diamond Storm","바위","물리","다이아 폭풍을 일으켜 데미지를 준다. 자신의 방어를 올릴 때가 있다.","100","95","5","6"
"592","스팀버스트","Steam Eruption","물","특수","상대에게 굉장히 뜨거운 증기를 뿜는다. 상대는 화상을 입기도 한다.","110","95","5","6"
"593","이차원홀","Hyperspace Hole","에스퍼","특수","이차원홀로 갑자기 상대 바로 옆에 나타나 공격한다. 방어나 판별 등도 무시할 수 있다.","80","—","5","6"
"594","물수리검","Water Shuriken","물","특수","점액으로 만든 수리검을 2-5회동안 연속으로 던진다. 반드시 선제공격할 수 있다.","15","100","20","6"
"595","매지컬플레임","Mystical Fire","불꽃","특수","입에서 내뱉는 아주 뜨거운 불꽃으로 공격한다. 상대의 특수공격을 떨어뜨린다.","75","100","10","6"
"596","니들가드","Spiky Shield","풀","변화","상대의 공격을 막음과 동시에 접촉한 상대의 체력을 떨어뜨린다.","—","—","10","6"
"597","아로마미스트","Aromatic Mist","페어리","변화","신비한 아로마 향으로 같은 편의 특수방어를 올린다.","—","—","20","6"
"598","괴전파","Eerie Impulse","전기","변화","몸에서 괴전파를 내어 상대에게 쏨으로써 특수공격을 크게 떨어뜨린다.","—","100","15","6"
"599","베놈트랩","Venom Drench","독","변화","특수한 독액을 끼얹는다. 독 상태인 상대는 공격, 특수공격, 스피드가 떨어진다.","—","100","20","6"
"600","분진","Powder","벌레","변화","분진을 뒤집어쓴 상대가 불꽃 기술을 쓰면 폭발하여 데미지를 준다.","—","100","20","6"
"601","지오컨트롤","Geomancy","페어리","변화","1턴째에 에너지를 흡수하여 2턴째에 특수공격, 특수방어, 스피드를 크게 올린다.","—","—","10","6"
"602","자기장조작","Magnetic Flux","전기","변화","자기장 조작으로 인해 특성 플러스와 마이너스의 방어, 특수방어가 오른다.","—","—","20","6"
"603","해피타임","Happy Hour","노말","변화","해피타임 기술을 쓰면 배틀 후에 받을 수 있는 돈이 배가 된다.","—","—","30","6"
"604","일렉트릭필드","Electric Terrain","전기","변화","5턴 동안 일렉트릭필드로 만든다. 땅에 있는 포켓몬은 잠들지 않는다. 전기타입의 위력이 올라간다.","—","—","10","6"
"605","매지컬샤인","Dazzling Gleam","페어리","특수","강력한 빛을 내어 상대에게 데미지를 준다.","80","100","10","6"
"606","축하","Celebrate","노말","변화","포켓몬이 매우 행복한 당신을 축하해 준다.","—","—","40","6"
"607","손에손잡기","Hold Hands","노말","변화","같은 편 포켓몬끼리 손에 손을 잡는다. 굉장히 행복한 기분이 들게 된다.","—","—","40","6"
"608","초롱초롱눈동자","Baby-Doll Eyes","페어리","변화","초롱초롱한 눈동자로 상대를 바라보며 공격을 떨어뜨린다. 반드시 선제공격할 수 있다.","—","100","30","6"
"609","볼부비부비","Nuzzle","전기","물리","전기가 흐르는 볼을 비벼서 공격한다. 상대를 마비 상태로 만든다.","20","100","20","6"
"610","적당히손봐주기","Hold Back","노말","물리","적당히 공격하여 상대의 HP를 반드시 1은 남긴다.","40","100","40","6"
"611","엉겨붙기","Infestation","벌레","특수","4-5턴 동안 상대에게 엉겨 붙어서 공격한다. 그동안 상대는 도망갈 수 없다.","20","100","20","6"
"612","그로우펀치","Power-up Punch","격투","물리","반복하여 때리면 점점 주먹이 단단해진다. 상대를 때리면 공격이 오른다.","40","100","20","6"
"613","데스윙","Oblivion Wing","비행","특수","조준한 상대로부터 HP를 흡수한다. 준 데미지의 반 이상 HP를 회복한다.","80","100","10","6"
"614","사우전드애로","Thousand Arrows","땅","물리","떠 있는 포켓몬도 맞힐 수 있다. 떠 있던 상대는 맞아서 땅에 떨어진다.","90","100","10","6"
"615","사우전드웨이브","Thousand Waves","땅","물리","땅 위를 뻗어 나가는 파도로 공격한다. 파도에 휩쓸린 상대는 전투에서 도망칠 수 없게 된다.","90","100","10","6"
"616","그라운드포스","Land's Wrath","땅","물리","대지의 힘을 모으고 그 힘을 상대에게 집중시켜서 데미지를 준다.","90","100","10","6"
"617","파멸의빛","Light of Ruin","페어리","특수","영원의 꽃의 파워를 빌려서 강력한 광선을 쏜다. 자신도 상당한 데미지를 입는다.","140","90","5","6"
"618","근원의파동","Origin Pulse","물","특수","파랗게 빛나는 무수한 광선으로 상대를 공격한다.","110","85","10","6"
"619","단애의칼","Precipice Blades","땅","물리","대지의 힘을 칼날로 바꿔 상대를 공격한다.","120","85","10","6"
"620","화룡점정","Dragon Ascent","비행","물리","넓은 하늘에서 급속으로 강하하여 상대를 공격한다. 자신의 방어와 특수방어가 떨어진다.","120","100","5","6"
"621","이차원러시","Hyperspace Fury","악","물리","많은 팔로 방어와 판별 등을 무시하는 연속 공격이다. 자신의 방어가 떨어진다.","100","—","5","6"
"622","울트라대시어택","Breakneck Blitz","노말","물리","효과 Z파워로 기세를 몰아 전력으로 상대에게 부딪친다. 원래 기술에 따라 위력이 변한다.","-","-","1","7"
"623","울트라대시어택","Breakneck Blitz","노말","특수","효과 Z파워로 기세를 몰아 전력으로 상대에게 부딪친다. 원래 기술에 따라 위력이 변한다.","-","-","1","7"
"625","전력무쌍격렬권","All-Out Pummeling","격투","물리","효과 Z파워로 만든 에너지 구슬을 전력으로 상대에게 부딪친다. 원래 기술에 따라 위력이 변한다.","-","-","1","7"
"624","전력무쌍격렬권","All-Out Pummeling","격투","특수","효과 Z파워로 만든 에너지 구슬을 전력으로 상대에게 부딪친다. 원래 기술에 따라 위력이 변한다.","-","-","1","7"
"626","파이널다이브클래시","Supersonic Skystrike","비행","물리","효과 Z파워로 기세 좋게 날아올라 상대를 향해 전력으로 낙하한다. 원래 기술에 따라 위력이 변한다.","-","-","1","7"
"627","파이널다이브클래시","Supersonic Skystrike","비행","특수","효과 Z파워로 기세 좋게 날아올라 상대를 향해 전력으로 낙하한다. 원래 기술에 따라 위력이 변한다.","-","-","1","7"
"628","에시드포이즌딜리트","Acid Downpour","독","물리","효과 Z파워로 독의 늪을 만들어 전력으로 상대를 가라앉힌다. 원래 기술에 따라 위력이 변한다.","-","-","1","7"
"629","에시드포이즌딜리트","Acid Downpour","독","특수","효과 Z파워로 독의 늪을 만들어 전력으로 상대를 가라앉힌다. 원래 기술에 따라 위력이 변한다.","-","-","1","7"
"630","라이징랜드오버","Tectonic Rage","땅","물리","효과 Z파워로 땅 깊숙이 파고들어 전력으로 상대에게 부딪친다. 원래 기술에 따라 위력이 변한다.","-","-","1","7"
"631","라이징랜드오버","Tectonic Rage","땅","특수","효과 Z파워로 땅 깊숙이 파고들어 전력으로 상대에게 부딪친다. 원래 기술에 따라 위력이 변한다.","-","-","1","7"
"632","월즈엔드폴","Continental Crush","바위","물리","효과 Z파워로 큰 바위산을 불러내 전력으로 상대에게 부딪친다. 원래 기술에 따라 위력이 변한다.","-","-","1","7"
"633","월즈엔드폴","Continental Crush","바위","특수","효과 Z파워로 큰 바위산을 불러내 전력으로 상대에게 부딪친다. 원래 기술에 따라 위력이 변한다.","-","-","1","7"
"634","절대포식회전참","Savage Spin-Out","벌레","물리","효과 Z파워로 뱉어낸 실이 전력으로 상대를 붙들어 맨다. 원래 기술에 따라 위력이 변한다.","-","-","1","7"
"635","절대포식회전참","Savage Spin-Out","벌레","특수","효과 Z파워로 뱉어낸 실이 전력으로 상대를 붙들어 맨다. 원래 기술에 따라 위력이 변한다.","-","-","1","7"
"636","무한암야로의유인","Never-Ending Nightmare","고스트","물리","효과 Z파워로 불러낸 강한 원념이 전력으로 상대에게 쏟아진다. 원래 기술에 따라 위력이 변한다.","-","-","1","7"
"637","무한암야로의유인","Never-Ending Nightmare","고스트","특수","효과 Z파워로 불러낸 강한 원념이 전력으로 상대에게 쏟아진다. 원래 기술에 따라 위력이 변한다.","-","-","1","7"
"638","초월나선연격","Corkscrew Crash","강철","물리","효과 Z파워로 고속 회전을 하여 전력으로 상대에게 부딪친다. 원래 기술에 따라 위력이 변한다.","-","-","1","7"
"639","초월나선연격","Corkscrew Crash","강철","특수","효과 Z파워로 고속 회전을 하여 전력으로 상대에게 부딪친다. 원래 기술에 따라 위력이 변한다.","-","-","1","7"
"640","다이내믹풀플레임","Inferno Overdrive","불꽃","물리","효과 Z파워로 활활 타는 불꽃을 뱉어내 전력으로 상대에게 부딪친다. 원래 기술에 따라 위력이 변한다.","-","-","1","7"
"641","다이내믹풀플레임","Inferno Overdrive","불꽃","특수","효과 Z파워로 활활 타는 불꽃을 뱉어내 전력으로 상대에게 부딪친다. 원래 기술에 따라 위력이 변한다.","-","-","1","7"
"642","슈퍼아쿠아토네이도","Hydro Vortex","물","물리","효과 Z파워로 큰 바다회오리를 만들어 전력으로 상대를 집어삼킨다. 원래 기술에 따라 위력이 변한다.","-","-","1","7"
"643","슈퍼아쿠아토네이도","Hydro Vortex","물","특수","효과 Z파워로 큰 바다회오리를 만들어 전력으로 상대를 집어삼킨다. 원래 기술에 따라 위력이 변한다.","-","-","1","7"
"644","블룸샤인엑스트라","Bloom Doom","풀","물리","효과 Z파워로 화초들의 에너지를 빌려 전력으로 상대를 공격한다. 원래 기술에 따라 위력이 변한다.","-","-","1","7"
"645","블룸샤인엑스트라","Bloom Doom","풀","특수","효과 Z파워로 화초들의 에너지를 빌려 전력으로 상대를 공격한다. 원래 기술에 따라 위력이 변한다.","-","-","1","7"
"646","스파킹기가볼트","Gigavolt Havoc","전기","물리","효과 Z파워로 비축한 강한 전기를 전력으로 상대에게 부딪친다. 원래 기술에 따라 위력이 변한다.","-","-","1","7"
"647","스파킹기가볼트","Gigavolt Havoc","전기","특수","효과 Z파워로 비축한 강한 전기를 전력으로 상대에게 부딪친다. 원래 기술에 따라 위력이 변한다.","-","-","1","7"
"648","멕시멈사이브레이커","Shattered Psyche","에스퍼","물리","효과 Z파워로 상대를 조종해 전력으로 매서운 맛을 보여준다. 원래 기술에 따라 위력이 변한다.","-","-","1","7"
"649","멕시멈사이브레이커","Shattered Psyche","에스퍼","특수","효과 Z파워로 상대를 조종해 전력으로 매서운 맛을 보여준다. 원래 기술에 따라 위력이 변한다.","-","-","1","7"
"650","레이징지오프리즈","Subzero Slammer","얼음","물리","효과 Z파워로 기온을 급격하게 떨어뜨려 전력으로 상대를 얼린다. 원래 기술에 따라 위력이 변한다.","-","-","1","7"
"651","레이징지오프리즈","Subzero Slammer","얼음","특수","효과 Z파워로 기온을 급격하게 떨어뜨려 전력으로 상대를 얼린다. 원래 기술에 따라 위력이 변한다.","-","-","1","7"
"652","얼티메이트드래곤번","Devastating Drake","드래곤","물리","효과 Z파워로 오라를 실체화시켜 전력으로 상대를 공격한다. 원래 기술에 따라 위력이 변한다.","-","-","1","7"
"653","얼티메이트드래곤번","Devastating Drake","드래곤","특수","효과 Z파워로 오라를 실체화시켜 전력으로 상대를 공격한다. 원래 기술에 따라 위력이 변한다.","-","-","1","7"
"654","브랙홀이클립스","Black Hole Eclipse","악","물리","효과 Z파워로 어둠의 에너지를 모아 전력으로 상대를 끌어당긴다. 원래 기술에 따라 위력이 변한다.","-","-","1","7"
"655","브랙홀이클립스","Black Hole Eclipse","악","특수","효과 Z파워로 어둠의 에너지를 모아 전력으로 상대를 끌어당긴다. 원래 기술에 따라 위력이 변한다.","-","-","1","7"
"656","러블리스타임팩트","Twinkle Tackle","페어리","물리","효과 Z파워로 매혹의 공간을 만들어 전력으로 상대를 가지고 논다. 원래 기술에 따라 위력이 변한다.","-","-","1","7"
"657","러블리스타임팩트","Twinkle Tackle","페어리","특수","효과 Z파워로 매혹의 공간을 만들어 전력으로 상대를 가지고 논다. 원래 기술에 따라 위력이 변한다.","-","-","1","7"
"658","필살피카슛","Catastropika","전기","물리","효과 Z파워로 최대 전력을 몸에 두른 피카츄가 전력으로 상대에게 덤벼든다.","-","-","1","7"
"659","모래모으기","Shore Up","땅","변화","자신의 최대 HP 절반을 회복한다. 모래바람일 때는 많이 회복한다.","—","—","5","7"
"660","만나자마자","First Impression","벌레","물리","위력이 높은 기술이지만 배틀에 나가서 바로 쓰지 않으면 성공할 수 없다.","90","100","10","7"
"661","토치카","Baneful Bunker","독","변화","상대의 공격을 막음과 동시에 접촉한 상대에게 독을 퍼뜨린다.","—","—","10","7"
"662","그림자꿰매기","Spirit Shackle","고스트","물리","공격과 동시에 상대의 그림자를 꿰매 도망칠 수 없게 한다.","80","100","10","7"
"663","DD래리어트","Darkest Lariat","악","물리","양팔을 돌려 상대에 부딪친다. 상대의 능력 변화에 상관없이 데미지를 준다.","85","100","10","7"
"664","물거품아리아","Sparkling Aria","물","특수","노래 부르는 것으로 많은 벌룬을 방출한다. 기술에 맞으면 화상이 낫는다.","90","100","10","7"
"665","아이스해머","Ice Hammer","얼음","물리","강하고 무거운 주먹을 휘둘러 데미지를 준다. 자신의 스피드가 떨어진다.","100","90","10","7"
"666","플라워힐","Floral Healing","페어리","변화","최대 HP의 절반만큼 상대의 HP를 회복한다. 그래스필드일 때 효과가 올라간다.","—","—","10","7"
"667","10만마력","High Horsepower","땅","물리","온몸을 써서 상대를 맹렬히 공격한다.","95","95","10","7"
"668","힘흡수","Strength Sap","풀","변화","상대 공격력과 동일하게 자신의 HP를 회복한다. 그리고 상대의 공격을 떨어뜨린다.","—","100","10","7"
"669","솔라블레이드","Solar Blade","풀","물리","1턴째 빛을 가득하게 모으고 2턴째 그 힘을 검에 담아 공격한다.","125","100","10","7"
"670","나뭇잎","Leafage","풀","물리","잎을 상대에 맞춰 공격한다.","40","100","40","7"
"671","스포트라이트","Spotlight","노말","변화","대상을 지정해 상대방의 공격을 모두 대상이 받게 한다.","—","—","15","7"
"672","독실","Toxic Thread","독","변화","독이 섞인 실을 뿜어낸다. 상대를 독 상태로 만들고 스피드를 떨어뜨린다.","—","100","20","7"
"673","예민해지기","Laser Focus","노말","변화","정신을 집중해서 다음 공격을 반드시 급소에 맞춘다.","—","—","30","7"
"674","어시스트기어","Gear Up","강철","변화","기어를 넣는 것으로 특성 플러스와 마이너스의 공격과 특수공격이 올라간다.","—","—","20","7"
"675","지옥찌르기","Throat Chop","악","물리","이 기술에 맞은 상대는 지옥의 고통 때문에 2턴 동안 소리 기술을 낼 수 없다.","80","100","15","7"
"676","꽃가루경단","Pollen Puff","벌레","특수","상대에게는 폭발하는 경단을 사용하여 공격한다. 같은 편에게는 회복하는 경단을 준다.","90","100","15","7"
"677","앵커샷","Anchor Shot","강철","물리","앵커를 상대에게 휘감아서 공격한다. 상대는 도망칠 수 없게 된다.","80","100","20","7"
"678","사이코필드","Psychic Terrain","에스퍼","변화","5턴 동안 발 밑을 사이코필드로 만든다. 땅에 있으면 선제공격을 받지 않는다.","—","—","10","7"
"679","덤벼들기","Lunge","벌레","물리","전력으로 상대에게 덤벼들며 공격한다. 상대의 공격을 떨어뜨린다.","80","100","15","7"
"680","불꽃채찍","Fire Lash","불꽃","물리","불타는 채찍으로 상대를 친다. 공격을 받은 상대는 방어가 떨어진다.","80","100","15","7"
"681","기어오르기","Power Trip","악","물리","자신의 강함을 뻐기고 공격한다. 자신의 능력이 올라가 있는 만큼 위력이 오른다.","20","100","10","7"
"682","불사르기","Burn Up","불꽃","특수","전신의 불꽃을 모두 태워서 큰 데미지를 준다. 자신의 불꽃타입이 없어진다.","130","100","5","7"
"683","스피드스왑","Speed Swap","에스퍼","변화","상대의 스피드와 자신의 스피드를 교체한다.","—","—","10","7"
"684","스마트혼","Smart Strike","강철","물리","뾰족한 뿔로 상대를 꿰찔러서 공격한다. 공격은 반드시 명중한다.","70","—","10","7"
"685","정화","Purify","독","변화","상대의 상태 이상을 회복한다. 회복하면 자신은 HP를 회복할 수 있다.","—","—","20","7"
"686","잠재댄스","Revelation Dance","노말","특수","전력으로 춤추며 공격한다. 이 기술의 타입은 자신의 타입과 같아진다.","90","100","15","7"
"687","코어퍼니셔","Core Enforcer","드래곤","특수","데미지를 준 상대가 이미 행동을 끝냈다면 상대의 특성을 없애버린다.","100","100","10","7"
"688","트로피컬킥","Trop Kick","풀","물리","남쪽 나라에서 유래된 뜨거운 킥을 상대에게 날린다. 상대의 공격을 떨어뜨린다.","70","100","15","7"
"689","지휘","Instruct","에스퍼","변화","상대에게 지시하여 상대가 쓴 기술을 다시 한 번 쓰게 할 수 있다.","—","—","15","7"
"690","부리캐논","Beak Blast","비행","물리","먼저 부리를 가열시킨 다음 공격을 날린다. 가열 중에 만지면 화상을 입는다.","100","100","15","7"
"691","스케일노이즈","Clanging Scales","드래곤","특수","전신의 비늘을 비벼서 큰 소리를 내 공격한다. 공격 후 자신의 방어가 떨어진다.","110","100","5","7"
"692","드래곤해머","Dragon Hammer","드래곤","물리","몸을 해머처럼 써서 상대를 덮쳐 데미지를 준다.","90","100","15","7"
"693","세차게휘두르기","Brutal Swing","악","물리","자신의 몸을 세차게 휘둘러서 상대에게 데미지를 준다.","60","100","20","7"
"694","오로라베일","Aurora Veil","얼음","변화","5턴 동안 물리와 특수 기술의 데미지를 약하게 한다. 싸라기눈일 때만 쓸 수 있다.","—","—","20","7"
"695","섀도애로우즈스트라이크","Sinister Arrow Raid","고스트","물리","Z파워로 무수한 화살을 만들어낸 모크나이퍼가 전력으로 상대를 꿰뚫는 공격이다.","180","101","1","7"
"696","하이퍼다크크러셔","Malicious Moonsault","악","물리","Z파워로 강한 육체를 얻은 어흥염이 전력으로 상대에게 부딪쳐 공격한다.","180","101","1","7"
"698","바다의심포니","Oceanic Operetta","물","특수","Z파워로 대량의 물을 부른 누리레느가 전력으로 상대를 공격한다.","195","101","1","7"
"697","알로라의수호자","Guardian of Alola","페어리","특수","Z파워로 알로라의 힘을 얻은 토속신포켓몬 전력의 공격. 상대의 남은 HP를 많이 줄인다.","-","-","1","7"
"699","칠성탈혼퇴","Soul-Stealing 7-Star Strike","고스트","물리","Z파워를 얻은 마샤도가 펀치와 킥의 연속기술을 전력으로 상대에게 퍼붓는다.","195","101","1","7"
"700","라이트닝서프라이드","Stoked Sparksurfer","전기","특수","Z파워를 얻은 알로라지방의 라이츄가 전력으로 공격한다. 상대를 마비 상태로 만든다.","175","101","1","7"
"701","진심의공격","Pulverizing Pancake","노말","물리","Z파워로 진심을 낸 잠만보가 거대한 몸을 움직여서 전력으로 상대를 공격한다.","210","101","1","7"
"702","나인이볼부스트","Extreme Evoboost","노말","변화","Z파워를 얻은 이브이가 진화한 동료들의 힘을 빌려 능력을 크게 올린다.","-","101","1","7"
"703","오리진즈슈퍼노바","Genesis Supernova","에스퍼","특수","Z파워를 얻은 뮤가 전력으로 상대를 공격한다. 발밑이 사이코필드가 된다.","185","101","1","7"
"704","트랩셸","Shell Trap","불꽃","특수","껍질의 트랩을 설치한다. 상대가 물리 기술을 쓰면 폭발해서 데미지를 준다.","150","100","5","7"
"705","플뢰르캐논","Fleur Cannon","페어리","특수","강력한 빔을 발산한 후 자신의 특수공격이 크게 떨어진다.","130","90","5","7"
"706","사이코팽","Psychic Fangs","에스퍼","물리","사이코 파워로 물어서 상대를 공격한다. 빛의장막이나 리플렉터도 파괴할 수 있다.","85","100","10","7"
"707","분함의발구르기","Stomping Tantrum","땅","물리","분함을 발판삼아 공격한다. 앞 턴에서 기술이 빗나갔다면 위력이 배가 된다.","75","100","10","7"
"708","섀도본","Shadow Bone","고스트","물리","영혼이 머물고 있는 뼈로 상대를 세게 때려서 공격한다. 상대의 방어를 떨어뜨릴 때가 있다.","85","100","10","7"
"709","액셀록","Accelerock","바위","물리","재빠른 스피드로 상대에게 부딪쳐서 공격한다. 반드시 선제 공격할 수 있다.","40","100","20","7"
"710","아쿠아브레이크","Liquidation","물","물리","물의 힘으로 상대에게 부딪쳐서 공격한다. 상대의 방어를 떨어뜨릴 때가 있다.","85","100","10","7"
"711","프리즘레이저","Prismatic Laser","에스퍼","특수","프리즘의 힘으로 강력한 광선을 발사한다. 다음 턴은 움직일 수 없다.","160","100","10","7"
"712","섀도스틸","Spectral Thief","고스트","물리","상대의 그림자에 숨어들어 상대의 능력이 올라가는 것을 뺏어 공격한다.","90","100","10","7"
"713","메테오드라이브","Sunsteel Strike","강철","물리","유성 같은 기세로 돌진하여 상대의 특성을 무시하고 공격할 수 있다.","100","100","5","7"
"714","섀도레이","Moongeist Beam","고스트","특수","괴상한 광선을 쏘아 공격한다. 상대의 특성을 무시하고 공격할 수 있다.","100","100","5","7"
"715","눈물그렁그렁","Tearful Look","노말","변화","눈물을 그렁그렁거려 상대의 전의를 상실하게 한다. 상대의 공격과 특수공격이 떨어진다.","—","—","20","7"
"716","찌리리따끔따끔","Zing Zap","전기","물리","상대에게 부딪쳐 강력한 전기를 날려서 찌리리따끔따끔하게 만든다. 상대를 풀죽게 만들 때가 있다.","80","100","10","7"
"717","자연의분노","Nature's Madness","페어리","특수","자연의 분노를 상대에게 부딪친다. 상대의 HP는 절반이 된다.","—","90","10","7"
"718","멀티어택","Multi-Attack","노말","물리","높은 에너지를 둘러싸 상대에게 부딪쳐 공격한다. 메모리에 따라 타입이 바뀐다.","120","100","10","7"
"719","1000만볼트","10,000,000 Volt Thunderbolt","전기","특수","효과 모자를 쓴 피카츄가 Z파워로 파워업한 전격을 쏜다. 급소에 맞기 쉽다.","위력","명중률","<b>PP</b>","7"
"720","깜짝헤드","Mind Blown","불꽃","특수","자신의 머리를 폭발시켜 주위의 모든 것을 공격한다. 자신도 데미지를 받는다.","150","100","5","7"
"721","플라스마피스트","Plasma Fists","전기","물리","전기를 두른 주먹으로 공격한다. 노말타입 기술을 전기타입으로 바꿔버린다.","100","100","15","7"
"722","포톤가이저","Photon Geyser","에스퍼","특수","빛의 기둥으로 공격한다. 공격과 특수공격을 비교해서 높은 쪽으로 데미지를 준다.","100","100","5","7"
"723","하늘을태우는멸망의빛","Light That Burns the Sky","에스퍼","특수","네크로즈마가 상대의 특성 효과를 무시하고 공격과 특수공격 중 높은 쪽으로 데미지를 준다.","200","-","-","7"
"724","선샤인스매셔","Searing Sunraze Smash","강철","물리","Z파워를 얻은 솔가레오가 전력으로 공격한다. 상대의 특성 효과를 무시할 수 있다.","200","-","-","7"
"725","문라이트블래스터","Menacing Moonraze Maelstrom","고스트","특수","Z파워를 얻은 루나아라가 전력으로 공격한다. 상대의 특성 효과를 무시할 수 있다.","200","-","-","7"
"726","투닥투닥프렌드타임","Let's Snuggle Forever","페어리","물리","Z파워를 얻은 따라큐가 전력으로 투닥투닥 공격한다.","190","101","1","7"
"727","레이디얼에지스톰","Splintered Stormshards","바위","물리","Z파워를 얻은 루가루암이 전력으로 공격한다. 추가로 필드 상태를 없앤다.","190","101","1","7"
"728","브레이징소울비트","Clangorous Soulblaze","드래곤","특수","Z파워를 얻은 짜랑고우거가 전력으로 상대를 공격한다. 추가로 자신의 능력이 올라간다.","185","101","1","7"
"729","파찌파찌액셀","Zippy Zap","전기","물리","맹렬한 속도의 전격 공격. 반드시 선제공격할 수 있고 급소에 맞는다.","50","100","15","7"
"730","참방참방서핑","Splishy Splash","물","특수","커다란 파도에 전기를 날리고 상대에게 부딪쳐서 공격한다. 마비 상태로 만들 때가 있다.","90","100","15","7"
"731","둥실둥실폴","Floaty Fall","비행","물리","두둥실 떠오른 다음 단숨에 급강하해서 공격한다. 상대를 풀죽게 만들 때가 있다.","90","95","15","7"
"732","피카피카썬더","Pika Papow","전기","특수","친밀도가 높을수록 위력이 높다. 대상이 숨지 않는 이상 반드시 명중한다.","—","—","20","7"
"733","생생버블","Bouncy Bubble","물","특수","물덩어리를 부딪쳐서 공격한다. 물을 흡수하여 데미지의 절반만큼 HP를 회복한다.","90","100","15","7"
"734","찌릿찌릿일렉","Buzzy Buzz","전기","특수","전기를 상대에게 날려서 공격한다. 상대를 마비 상태로 만든다.","90","100","15","7"
"735","이글이글번","Sizzly Slide","불꽃","물리","불꽃을 두른 몸으로 기세 좋게 상대에게 두딪친다. 상대를 화상 상태로 만든다.","90","100","15","7"
"736","콸콸오라","Glitzy Glow","에스퍼","특수","염동력을 한가득 날린다. 상대의 특수공격을 약하게 만드는 이상한 장막을 만든다.","90","100","15","7"
"737","아그아그존","Baddy Bad","악","특수","악함을 어필해서 공격한다. 상대의 물리공격을 약하게 만드는 이상한 장막을 만든다.","90","100","15","7"
"738","쑥쑥봄버","Sappy Seed","풀","물리","거대한 덩굴을 자라게 하고 씨를 흩뿌려서 공격한다. 씨는 매 턴 상대의 HP를 흡수한다.","90","100","15","7"
"739","꽁꽁프로스트","Freezy Frost","얼음","특수","차갑게 얼어붙은 흑안개의 결정으로 공격한다. 전원의 능력 변화를 원래대로 돌린다.","90","100","15","7"
"740","반짝반짝스톰","Sparkly Swirl","페어리","특수","숨 막힐 듯 진한 향기의 회오리로 상대를 휘감아 공격한다. 같은 편의 상태 이상을 회복한다.","90","100","15","7"
"741","브이브이브레이크","Veevee Volley","노말","물리","친밀도가 높을수록 위력이 강해진다. 대상이 숨지 않는 이상 반드시 명중한다.","—","—","20","7"
"742","더블펀처","Double Iron Bash","강철","물리","가슴의 너트를 축으로 회전시켜 2번 연속 팔로 힘껏 친다. 상대를 풀죽게 만들 때가 있다.","60","100","5","7"
"743","다이월","Max Guard","노말","변화","상대의 공격을 전혀 받지 않는다. 연속으로 쓰면 실패하기 쉽다.","—","—","—","8"
"744","다이맥스포","Dynamax Cannon","드래곤","특수","코어에서 빔을 발사해서 공격한다. 상대가 다이맥스 중이면 데미지가 2배가 된다.","100","100","5","8"
"745","노려맞히기","Snipe Shot","물","특수","상대의 기술을 끌어모으는 특성이나 기술의 영향을 무시하고 선택한 상대를 공격할 수 있다.","80","100","15","8"
